layer,head,head_id,score,Itext_all,Itext_object,Itext_hallucinated,Itext_non_hallucinated,Img_hallucinated,Img_non_hallucinated,RawTOI_hallucinated,RawTOI_non_hallucinated,image_drop_GminusH,C_toi_HminusG,global_rank
31,4,L31H4,0.9720582532487302,0.9720582532487302,0.9880757793028231,0.9866055179943983,0.988387191923232,0.008661324350998319,0.0070131938049725045,360.8321787666793,420.3446155700089,-0.0016481305460258142,-59.51243680332959,1
31,27,L31H27,0.9706890693722942,0.9706890693722942,0.9692918236293965,0.9756703079603184,0.9679408117321593,0.004432070272407313,0.00931471490090893,582.9309208496492,415.50929948085866,0.004882644628501618,167.4216213687905,2
5,15,L5H15,0.9508023463092958,0.9508023463092958,0.9233771420375358,0.9148848042234607,0.9251758843134325,0.0163495356495353,0.012921449021457247,214.7902601039522,251.8448485735039,-0.0034280866280780517,-37.0545884695517,3
1,25,L1H25,0.8632994035792307,0.8632994035792307,0.7955472241808337,0.8034905400769464,0.7938647689575549,0.13627587096101937,0.13494255451334736,5.605046305507171,5.321523333118638,-0.0013333164476720116,0.28352297238853374,4
0,25,L0H25,0.8306282312599303,0.8306282312599303,0.8355153606861216,0.8552225548131712,0.8313412258375439,0.14242538518604192,0.16638661816725264,6.3790806040546855,5.2119413862243595,0.023961232981210723,1.167139217830326,5
1,18,L1H18,0.8169071012172129,0.8169071012172129,0.8726393308159336,0.8721249336483835,0.8727482840808803,0.03896745474174105,0.034528628163996516,22.588336796556657,47.38975390065964,-0.004438826577744533,-24.801417104102985,6
15,11,L15H11,0.794517766814237,0.794517766814237,0.646338127983808,0.6162656910460571,0.6527077007496858,0.018361720288621968,0.013389172400923233,56.63534374031454,78.30170204168134,-0.004972547887698735,-21.6663583013668,7
1,30,L1H30,0.7928126664585993,0.7928126664585993,0.7318481698460102,0.7630503492793818,0.7252393089556796,0.16465334628505268,0.1953233961861669,4.228291954103582,2.9196145675939547,0.030670049901114216,1.3086773865096277,8
10,1,L10H1,0.7841413731023472,0.7841413731023472,0.8113629234040699,0.8001230253741659,0.8137436200044391,0.01999799273479944,0.017556480949997393,56.636622639355004,58.573079380275004,-0.0024415117848020466,-1.9364567409200006,9
29,15,L29H15,0.7773600355150222,0.7773600355150222,0.8171942096478613,0.8340194793096904,0.8136304885022029,0.04941060787987435,0.06678459269566574,46.88113893517916,33.90939902241583,0.017373984815791388,12.971739912763326,10
0,12,L0H12,0.7771216958643039,0.7771216958643039,0.7901820271892921,0.8287806418435327,0.7820065445966715,0.1612098211015778,0.20636302118466818,5.570603240879273,4.131887060153146,0.04515320008309037,1.4387161807261268,11
1,22,L1H22,0.7715718247413523,0.7715718247413523,0.7862971878003858,0.7724725145889425,0.7892253596065832,0.2232343132297198,0.20684246123018457,3.7957174779940117,4.252190454023057,-0.016391851999535217,-0.45647297602904535,12
0,19,L0H19,0.7659428410952639,0.7659428410952639,0.7668697416991939,0.8182080338398615,0.7559958977156562,0.17649364377232804,0.23815532056790478,5.047841950928164,3.451367519815715,0.06166167679557674,1.5964744311124486,13
1,7,L1H7,0.7608564986489746,0.7608564986489746,0.7352912764882156,0.7513794436536986,0.7318836793040475,0.0946768462315373,0.10321840233942102,7.719580051975153,6.436434614514982,0.008541556107883722,1.2831454374601705,14
1,14,L1H14,0.7554826676390874,0.7554826676390874,0.7987286332173302,0.8146013965209326,0.7953666602230188,0.07852803222064314,0.08736530064230494,8.757381340568978,7.181940770751025,0.008837268421661798,1.5754405698179532,15
1,17,L1H17,0.7383643681263201,0.7383643681263201,0.733702316528466,0.7536342326423218,0.7294805838397125,0.16694331862803163,0.18258672780331794,3.278821289405278,2.5239673288811435,0.01564340917528631,0.7548539605241347,16
14,16,L14H16,0.7314498485701003,0.7314498485701003,0.7980709366317014,0.8636775584570293,0.7841749509985826,0.02092089529695182,0.028583024996341327,111.67994954721648,42.402835265785136,0.007662129699389508,69.27711428143135,17
10,30,L10H30,0.7263721851984398,0.7263721851984398,0.8190310737225711,0.8559476701521326,0.8112118554891643,0.04255224909933134,0.035824874716420325,27.017196677857896,30.143713994841804,-0.006727374382911017,-3.1265173169839073,18
1,29,L1H29,0.7118513719658512,0.7118513719658512,0.7106279878536101,0.7316276637473326,0.7061800954549399,0.11053362711407673,0.12104575235308196,5.869345663803287,4.903241033198098,0.01051212523900523,0.966104630605189,19
1,0,L1H0,0.6995890839262606,0.6995890839262606,0.3995350530733121,0.42492591632508686,0.39415707351663676,0.29867066348763716,0.314590953703124,1.2146464059473057,1.04769985095702,0.015920290215486854,0.16694655499028577,20
1,23,L1H23,0.6931086311516034,0.6931086311516034,0.6670169794846874,0.7140062086541077,0.6570643003909818,0.15268267588368778,0.18451826008659125,4.430091547360058,3.5176311241290636,0.03183558420290347,0.9124604232309941,21
31,0,L31H0,0.6900602237118196,0.6900602237118196,0.7102455190532115,0.7242481718803274,0.7072796497995071,0.016349581551962887,0.022421575289126656,69.55870068206575,48.04847991531496,0.006071993737163769,21.51022076675079,22
13,8,L13H8,0.6883237296710997,0.6883237296710997,0.802316853010373,0.7540196035613959,0.8125465808303634,0.008628875102804995,0.009381461763846315,291.4945601924136,425.763475568975,0.0007525866610413202,-134.26891537656144,23
1,1,L1H1,0.678242791076767,0.678242791076767,0.7588961887215921,0.776157528504558,0.7552401045800997,0.12847262235551044,0.1424917858944241,5.178193646697481,4.273270379439078,0.014019163538913665,0.9049232672584031,24
1,19,L1H19,0.6717377581802441,0.6717377581802441,0.5487095641467153,0.569515136552268,0.5443027843553992,0.1737631268199833,0.18052025615479694,3.5081464353630643,3.4553941028502773,0.00675712933481365,0.05275233251278699,25
14,20,L14H20,0.6710785420657694,0.6710785420657694,0.7274486180348111,0.7732819337611911,0.7177407702729242,0.030700314404635595,0.055953077985539494,72.72066484084452,36.25264015769355,0.0252527635809039,36.46802468315097,26
0,18,L0H18,0.6696212820854468,0.6696212820854468,0.5958881151849813,0.6586280941278085,0.5825993064983691,0.30262898002890337,0.370346213685835,2.2251777412594556,1.6076409272435177,0.06771723365693161,0.6175368140159379,27
0,15,L0H15,0.6680200248756383,0.6680200248756383,0.6618776470198217,0.7306955139869931,0.6473014950389478,0.264919923382929,0.34815224968871905,2.9410695833301994,1.9967693240097666,0.08323232630579003,0.9443002593204328,28
13,17,L13H17,0.6627801109679452,0.6627801109679452,0.7266140700075149,0.7462736100986086,0.7224500286492065,0.028870317014469498,0.030382329961982212,27.584654544983348,24.326153134077746,0.0015120129475127142,3.258501410905602,29
1,2,L1H2,0.6586819578111632,0.6586819578111632,0.6536890909128127,0.6749322923949395,0.6491896179269453,0.2925481869057677,0.318866858069518,2.3062316732679373,1.8627977189605458,0.02631867116375025,0.4434339543073915,30
24,23,L24H23,0.6464083893602033,0.6464083893602033,0.7990873012484048,0.7847286605800705,0.8021285714569139,0.014508087915935736,0.014577938446676448,80.08615929566157,57.44444223327776,6.985053074071157e-05,22.64171706238381,31
1,9,L1H9,0.6440193348754052,0.6440193348754052,0.6720881596215103,0.7158961131654936,0.6628092991021517,0.18766739553418652,0.2086695075688098,3.1165725860309546,2.2572688304524093,0.021002112034623294,0.8593037555785452,32
31,13,L31H13,0.6411810133950958,0.6411810133950958,0.7676273484376134,0.7910763286482329,0.7626606746011584,0.013982178750394404,0.019314170119534596,203.4635384284609,116.77896627177266,0.005331991369140192,86.68457215668825,33
16,9,L16H9,0.6256430961035923,0.6256430961035923,0.6839495194221729,0.7573732787678982,0.6683978041134009,0.09811777981190846,0.14297084358866013,19.436844601839915,15.966701564495125,0.044853063776751675,3.4701430373447906,34
28,25,L28H25,0.6241648172006643,0.6241648172006643,0.7649242703876323,0.7162906071064116,0.7752252532372153,0.027581884600650305,0.06625485510921884,90.76873538777267,54.40483724745921,0.038672970508568535,36.36389814031345,35
1,26,L1H26,0.6210765752575075,0.6210765752575075,0.5902579733620092,0.6438571099919834,0.5789052651774499,0.1478471547022633,0.17161425304209685,3.259119756968091,2.189166374621773,0.023767098339833537,1.069953382346318,36
29,10,L29H10,0.620682460781515,0.620682460781515,0.7303372524091193,0.7141035679599335,0.7337756712699328,0.06128735078134756,0.1404771580793331,74.78618727256813,28.03490735477214,0.07918980729798553,46.75127991779598,37
1,10,L1H10,0.6197335374778746,0.6197335374778746,0.4062311950788493,0.42654617233523007,0.4019283271024522,0.24425667395879483,0.2642639252882648,1.4594874636985649,1.2104187908608375,0.020007251329469983,0.24906867283772738,38
1,4,L1H4,0.6157472896931657,0.6157472896931657,0.6123319700218097,0.6400522545151327,0.6064606011820797,0.2495023277641713,0.273313026963685,2.216918430110351,1.6701757901488987,0.023810699199513674,0.5467426399614523,39
19,16,L19H16,0.6089803354599453,0.6089803354599453,0.598094678146644,0.5522597839777497,0.6078028602347604,0.012387931603809884,0.013537716807494857,57.39010851596114,60.582081734494665,0.0011497852036849738,-3.1919732185335263,40
16,3,L16H3,0.6083913175631406,0.6083913175631406,0.589814970536426,0.45598324696565495,0.6181615559306003,0.06317786392809331,0.10386068702687305,30.25275011255499,76.20622380921972,0.04068282309877974,-45.95347369666473,41
0,3,L0H3,0.6077833488484418,0.6077833488484418,0.5922749220935739,0.6912818900470076,0.5713044870066628,0.30322468392122753,0.42282247492545855,2.6273572899858992,1.6819856731997898,0.11959779100423101,0.9453716167861095,42
26,4,L26H4,0.6049922666069208,0.6049922666069208,0.6221923035841261,0.5737845967042035,0.6324454271350775,0.023070131910258328,0.032540999638620706,71.06902459536636,61.71597318606302,0.009470867728362378,9.35305140930334,43
0,29,L0H29,0.5942034202232437,0.5942034202232437,0.5320364036852244,0.5854114574091188,0.5207311579786418,0.4113308710270914,0.47573167401265604,1.5960027559796006,1.1955420999773705,0.06440080298556461,0.40046065600223013,44
16,6,L16H6,0.59269326290734,0.59269326290734,0.5927303179252812,0.654360029461055,0.5796766723900109,0.08693088753812614,0.11109021222598656,10.503176779263034,6.413142470516277,0.024159324687860417,4.090034308746757,45
19,18,L19H18,0.5923262853427026,0.5923262853427026,0.6162590759295067,0.6415642207038814,0.6108992522037109,0.03531631116551914,0.03487725973999943,40.182049536581424,34.772536369075226,-0.00043905142551971255,5.409513167506198,46
17,28,L17H28,0.5903708796638484,0.5903708796638484,0.6320958858695478,0.5745030189382618,0.6442944967594367,0.0223448870853446,0.025708108940867485,49.52363555617125,45.728224399937275,0.0033632218555228847,3.7954111562339747,47
12,24,L12H24,0.5846327338293841,0.5846327338293841,0.646684243579057,0.673231904962282,0.6410612453067731,0.018680619525498356,0.025661199414287482,47.433848198794,34.418389847431165,0.006980579888789126,13.015458351362838,48
11,6,L11H6,0.5843947813965411,0.5843947813965411,0.695293871857065,0.6454196912290036,0.7058576057941103,0.08951968845279737,0.06696671708212056,10.578803598556519,15.445581455183255,-0.022552971370676814,-4.866777856626737,49
15,25,L15H25,0.5840789789111234,0.5840789789111234,0.6078757349418552,0.6262322719069733,0.603987679638227,0.015364436496948373,0.016759602329169405,99.43109965237927,80.96056913420476,0.001395165832221032,18.470530518174513,50
23,18,L23H18,0.5790402039367751,0.5790402039367751,0.604322428726659,0.6173898420971016,0.6015546503621343,0.01276336584625573,0.018549301841240137,87.42174897725869,55.365929366297216,0.005785935994984408,32.05581961096147,51
20,20,L20H20,0.5760937107671724,0.5760937107671724,0.5154152897091621,0.4774350846807162,0.5234597884005189,0.07153343494938708,0.1291683070629164,11.277019876226543,10.338783013302404,0.05763487211352933,0.9382368629241391,52
19,27,L19H27,0.5754979704016279,0.5754979704016279,0.5735151894364389,0.5647885770290747,0.575363552867822,0.018346086572641612,0.026784133653559486,52.62607941040593,51.450907486659766,0.008438047080917874,1.1751719237461629,53
12,9,L12H9,0.5747973208257897,0.5747973208257897,0.5542514276438655,0.583186224702446,0.5481228157288406,0.12178012437518985,0.10593061396717227,8.782570655818223,9.77266478430084,-0.01584951040801759,-0.9900941284826175,54
1,16,L1H16,0.5702761307031254,0.5702761307031254,0.736756502668921,0.7535080320533665,0.7332084002795193,0.07754800973952501,0.08446210212846826,12.271480048927502,12.128862945540435,0.006914092388943249,0.14261710338706735,55
1,15,L1H15,0.5689061819651777,0.5689061819651777,0.545892746468874,0.5944484763446896,0.5356082705122193,0.09749957842045817,0.11412594554922019,10.380902985939967,7.50169997346345,0.016626367128762018,2.879203012476517,56
16,2,L16H2,0.5565380016202223,0.5565380016202223,0.5312652222958119,0.5868315732684629,0.5194958430271067,0.058902792889496375,0.10425011054524835,50.773262052093145,19.994248629101605,0.04534731765575198,30.77901342299154,57
1,6,L1H6,0.5533780330262907,0.5533780330262907,0.7044532075711437,0.7119728553740458,0.7028604884990743,0.11483006521888163,0.12251518157946215,6.449461246351267,6.0561023728875885,0.007685116360580516,0.39335887346367837,58
26,9,L26H9,0.5470634830313286,0.5470634830313286,0.6447891263971371,0.7047914144122738,0.6320801816440833,0.00949099719866939,0.018899677424480184,610.4460584068255,260.96350260587815,0.009408680225810795,349.48255580094735,59
17,15,L17H15,0.5438095596546655,0.5438095596546655,0.5221178343043382,0.46557319361245497,0.5340944228379813,0.009562228431646851,0.012337180912240713,94.01218730330312,96.56292998461822,0.0027749524805938623,-2.5507426813151,60
11,0,L11H0,0.5400925210732608,0.5400925210732608,0.5693154430521127,0.5448304266593922,0.5745015572971929,0.014247560295565375,0.013097470987880657,41.14471375127163,44.93060756022017,-0.001150089307684718,-3.7858938089485363,61
0,4,L0H4,0.5395400181469782,0.5395400181469782,0.525407945672691,0.6012261041450775,0.5093490782664886,0.35771854033415346,0.44019981502253186,1.6847275065632146,1.194300835032396,0.0824812746883784,0.49042667153081854,62
16,31,L16H31,0.5369685737876708,0.5369685737876708,0.5692953904000795,0.498602007997447,0.5842687909333211,0.02216542906117165,0.042271322091759087,52.1159924779643,51.64842635959156,0.020105893030587435,0.4675661183727371,63
10,31,L10H31,0.5362721970824995,0.5362721970824995,0.6552506033527618,0.582667538146863,0.6706242531955205,0.04181572914808646,0.03534840041010828,34.54919587913261,73.00123948310105,-0.00646732873797818,-38.452043603968434,64
1,3,L1H3,0.5348941816626813,0.5348941816626813,0.530304056609593,0.5864721704488514,0.5184072193508822,0.23570247371306366,0.28464637449146113,1.939852417886462,1.3043762288954388,0.04894390077839747,0.6354761889910232,65
1,12,L1H12,0.5340501962319618,0.5340501962319618,0.5346546910594661,0.5854259673720119,0.5239009453767114,0.3911582652008396,0.44793600556840274,1.2634679364095505,0.9258155785042669,0.05677774036756311,0.3376523579052836,66
16,22,L16H22,0.5335186567117197,0.5335186567117197,0.5382065488608383,0.5244668350480068,0.5411167256148647,0.06073311699190359,0.05146738192110764,11.973891918985455,13.840430103272334,-0.00926573507079595,-1.8665381842868793,67
15,9,L15H9,0.5299660048232667,0.5299660048232667,0.5838718554411984,0.41480442890148056,0.6196816329432201,0.015023722730833909,0.015062724952645514,45.018957186377676,70.96141537183091,3.900222181160533e-05,-25.942458185453233,68
1,24,L1H24,0.5289463673756644,0.5289463673756644,0.6281651575801241,0.6526566534891896,0.6229776709237914,0.09908245974916151,0.11166428888417278,14.71076328707757,13.57158348718321,0.012581829135011269,1.139179799894361,69
27,12,L27H12,0.5255973918242146,0.5255973918242146,0.6672133420173515,0.6505942377208294,0.6707333957575765,0.011326964387948486,0.02058859261084967,140.9223079251507,111.27037526000376,0.009261628222901183,29.651932665146944,70
12,31,L12H31,0.5236810500266548,0.5236810500266548,0.6375048554823783,0.6510847637365604,0.6346285267712064,0.004741809234536928,0.0040120191132957,256.99734158617304,267.390616911076,-0.0007297901212412273,-10.393275324902959,71
31,31,L31H31,0.5235028595385256,0.5235028595385256,0.6023097615006101,0.5574731469668192,0.6118065003063065,0.02567578227013007,0.028698732522081036,30.99731676029386,35.22768593301243,0.003022950251950967,-4.2303691727185715,72
15,4,L15H4,0.522644307683437,0.522644307683437,0.5457867616118647,0.5788363491495451,0.5387866055174565,0.019922602108155173,0.025907009858150563,50.55935986445683,39.850133053389975,0.005984407749995389,10.709226811066856,73
22,11,L22H11,0.5196342689981464,0.5196342689981464,0.6581151100003737,0.5943566422866678,0.6716196424193449,0.018106465195787364,0.048772560755653636,111.78367946903565,97.34478269303733,0.030666095559866272,14.438896775998316,74
10,2,L10H2,0.5139568489097733,0.5139568489097733,0.5279560639952847,0.500853120167365,0.5336966753477594,0.13461438583574076,0.11970054421276852,6.494478969926809,8.298446655408032,-0.01491384162297224,-1.803967685481223,75
15,10,L15H10,0.5109753872696227,0.5109753872696227,0.5365409938191003,0.5267112187441738,0.5386230155635156,0.1244936578575222,0.1443276179685726,6.593061288013834,7.887749479381077,0.019833960111050403,-1.2946881913672437,76
14,5,L14H5,0.5099574485944559,0.5099574485944559,0.44567814316658566,0.4079914121278401,0.4536604818163017,0.12517067987000804,0.10700414228642488,5.047796973310654,7.087081293915586,-0.018166537583583164,-2.0392843206049314,77
15,24,L15H24,0.5095761499783711,0.5095761499783711,0.6205911286687923,0.6735567800786303,0.6093725975119916,0.10273813019538748,0.12016183107057433,9.729991816850303,7.096299512555369,0.017423700875186854,2.633692304294934,78
12,10,L12H10,0.5071035470202354,0.5071035470202354,0.6264312918284382,0.5839860808404013,0.6354215130237131,0.08965209460464017,0.0799119833287711,10.64136029995362,13.30131296807086,-0.009740111275869073,-2.6599526681172403,79
12,21,L12H21,0.5037082077410683,0.5037082077410683,0.39925253370309943,0.3134613864380738,0.41742375661742015,0.03701178960759064,0.05263056130359903,20.684502590615363,22.76875014995179,0.015618771696008386,-2.0842475593364256,80
26,28,L26H28,0.5018051917998891,0.5018051917998891,0.5865869094893179,0.6391589531096918,0.5754517474808638,0.03227122367798597,0.07800238898303984,149.95959560814103,99.71966359657308,0.04573116530505387,50.239932011567944,81
1,5,L1H5,0.5012891769601465,0.5012891769601465,0.48582180045706014,0.5541110203183931,0.4713576199873438,0.3369834154159173,0.41827070892618984,1.472646422950129,0.9619153788761404,0.08128729351027253,0.5107310440739886,82
14,0,L14H0,0.5006022032682546,0.5006022032682546,0.5097867116174885,0.4950939497385902,0.5128987512607366,0.04903274706040306,0.05206223685641297,11.887290224313665,12.622957522769363,0.003029489796009914,-0.7356672984556987,83
14,29,L14H29,0.49929061404330666,0.49929061404330666,0.43250304915568505,0.4087528656611497,0.4375335201575708,0.18517307680228662,0.2112572040234262,10.541499426160744,7.779157553148139,0.02608412722113959,2.7623418730126046,84
17,24,L17H24,0.4991007018895694,0.4991007018895694,0.7467177499484201,0.7046006907676828,0.7556384660743463,0.024670661951618635,0.02553972418687,60.5764233281798,58.09620294238422,0.0008690622352513638,2.480220385795583,85
9,30,L9H30,0.49798762266117846,0.49798762266117846,0.4387544748443027,0.4460061335529404,0.43721851791757965,0.2847186176256202,0.3298381793919817,3.3300526177710763,2.4830144921065544,0.045119561766361505,0.8470381256645219,86
12,25,L12H25,0.49785402148984054,0.49785402148984054,0.47473341500501665,0.42932834082293786,0.48435055792367976,0.29302666627470103,0.2918040705793744,4.246114458892672,4.477604510148688,-0.0012225956953266226,-0.2314900512560163,87
26,14,L26H14,0.49548699062684903,0.49548699062684903,0.44522596487802574,0.4246505280507022,0.44958400018898653,0.07713641423261029,0.19171437831528654,19.661784572289072,8.577458105395053,0.11457796408267625,11.08432646689402,88
20,31,L20H31,0.4954709469184447,0.4954709469184447,0.6226064595578604,0.6471656917155474,0.6174046258446072,0.024291797016543902,0.031876763989848476,29.931561151717,20.651978586988218,0.007584966973304574,9.27958256472878,89
30,26,L30H26,0.4941754834359031,0.4941754834359031,0.5928406849211632,0.5616809262455195,0.5994405607696865,0.016359741317814792,0.017847387132598216,39.87132920270283,32.86620602155904,0.001487645814783424,7.005123181143794,90
1,20,L1H20,0.49134231187762234,0.49134231187762234,0.4616002334774828,0.5224545707647827,0.4487108181543054,0.2442634830187107,0.29626486002854724,1.6313014821761271,1.1149166275661138,0.052001377009836536,0.5163848546100134,91
9,27,L9H27,0.4904360752491406,0.4904360752491406,0.5472889330924785,0.5616208397108933,0.5442533253607631,0.008602719026050348,0.009240908769304551,86.97368515023997,77.68712311064434,0.0006381897432542038,9.286562039595637,92
19,5,L19H5,0.4900974231975615,0.4900974231975615,0.5573090200056567,0.4977266530709705,0.5699290222535391,0.033067445731026004,0.05525578722602626,21.958261905829367,27.116196020673705,0.022188341495000256,-5.157934114844338,93
0,26,L0H26,0.48886322587381986,0.48886322587381986,0.38887457671565423,0.48501220242730503,0.3685118903202468,0.4297292402934754,0.530495255423695,1.166403766733177,0.7238787249182163,0.1007660151302196,0.4425250418149608,94
18,9,L18H9,0.4884829075015659,0.4884829075015659,0.4293523175910392,0.5347252263762485,0.40703352741620485,0.03892327442593958,0.055396155584025365,48.78302327334033,20.257137754636425,0.016472881158085782,28.52588551870391,95
12,13,L12H13,0.4876646923046614,0.4876646923046614,0.49752358979223243,0.46304191280713025,0.504827073414153,0.23286745859973731,0.2180764333402247,3.340015337985641,4.129619433988398,-0.014791025259512619,-0.789604096002757,96
14,14,L14H14,0.4874790563255046,0.4874790563255046,0.5997558069672194,0.5143013574268626,0.6178557147213546,0.01425266454274627,0.014870753936918495,52.82241768848512,73.85607216522091,0.0006180893941722249,-21.03365447673579,97
19,13,L19H13,0.48590955509058015,0.48590955509058015,0.47372710159949355,0.5524100387233427,0.4570614521052151,0.03763992236606006,0.05792180048352832,22.37587692422798,13.043343960288471,0.02028187811746826,9.33253296393951,98
8,3,L8H3,0.4854572662289116,0.4854572662289116,0.6059394386891203,0.6540925024912275,0.5957402504948821,0.102305275013392,0.09888871956437517,6.466057784731085,5.750951066151273,-0.0034165554490168254,0.7151067185798121,99
15,21,L15H21,0.48436900703518754,0.48436900703518754,0.4303419830091391,0.4360956334690938,0.4291233157175602,0.051440871738154315,0.04647027263536877,10.726603749862342,12.41651778052694,-0.004970599102785543,-1.6899140306645979,100
