rank,head_id,layer,head,fused_score,Itext_all,text_percentile,C_toi_HminusG,contrast_percentile,Itext_hallucinated,Itext_grounded,Img_hallucinated,Img_grounded,LogTOI_gap_HminusG,RawTOI_gap_HminusG
1,L14H16,14,16,0.989247311827957,0.7289632579665216,0.9833822091886608,76.92871967711119,0.9951124144672532,0.8876825521800144,0.7944355597875637,0.020661446181210606,0.02800300467613689,0.9225969717931504,76.92871967711119
2,L14H20,14,20,0.9828934506353861,0.6703312444297828,0.9755620723362659,51.06581686987177,0.9902248289345064,0.774636193247866,0.7324926084812793,0.027403599959759672,0.058363680816229495,0.8806060852201929,51.06581686987177
3,L16H2,16,2,0.9672531769305963,0.5572101322352176,0.9452590420332356,41.58656753500814,0.989247311827957,0.5869887811093291,0.5247442439281741,0.051754198783685354,0.10748810816410534,1.1482665801249046,41.58656753500814
4,L15H25,15,25,0.9667644183773216,0.5782047107602171,0.9511241446725318,26.959736389721726,0.9824046920821115,0.6299002993205363,0.5956343798664029,0.01575954985027471,0.01737428660499317,0.31607783237495113,26.959736389721726
5,L12H24,12,24,0.9565004887585533,0.5857873342286695,0.9530791788856305,11.624290698430698,0.9599217986314761,0.6841244239452456,0.6498232135060114,0.018122759732333096,0.02577436619630739,0.28420682257702046,11.624290698430698
6,L16H9,16,9,0.9491691104594331,0.6334442309076728,0.967741935483871,5.183795236650663,0.9305962854349952,0.7515181509916448,0.6889445153195098,0.09733802129414455,0.14045863777565556,0.2804489070707721,5.183795236650663
7,L15H4,15,4,0.9437927663734116,0.5238404391683089,0.9325513196480939,10.296899083607386,0.9550342130987293,0.5664085110356986,0.5441873312495941,0.02010036155212024,0.02669238020254913,0.24649825250185708,10.296899083607386
8,L12H6,12,6,0.9389051808406648,0.4528354454783656,0.8856304985337243,54.37212744513714,0.9921798631476051,0.2666813164703117,0.455055024037814,0.008957585027395201,0.01385545688967465,0.497425729444136,54.37212744513714
9,L12H21,12,21,0.9364613880742914,0.5015000497413781,0.9227761485826002,8.137832618972219,0.9501466275659824,0.28541213175482,0.41533264309667345,0.04076877014696106,0.05405420281367595,0.32372104344104624,8.137832618972219
10,L16H3,16,3,0.9349951124144673,0.6106089975236508,0.9608993157380255,3.7728398255424196,0.9090909090909091,0.46953846551170036,0.6193476689760912,0.05366714335670156,0.0991575848623361,0.07231173994496265,3.7728398255424196
11,L11H7,11,7,0.9349951124144673,0.4825086318248501,0.9042033235581622,12.782012401736049,0.9657869012707723,0.43993735707495824,0.5045650201802813,0.13602684302763504,0.19472229722158868,0.772771538252405,12.782012401736049
12,L16H6,16,6,0.9315738025415445,0.5880841075591814,0.9550342130987293,3.704321482464973,0.9081133919843597,0.6488822954745332,0.5805479100796097,0.09047838429774134,0.11007830392381998,0.3567684974043712,3.704321482464973
13,L16H31,16,31,0.9310850439882699,0.5305902063331956,0.9384164222873901,4.592484385242997,0.9237536656891495,0.4898507378318093,0.5766473218548898,0.0248438164222339,0.0420022099877203,0.09454539850363775,4.592484385242997
14,L9H27,9,27,0.9271749755620724,0.48605415211648567,0.9071358748778103,7.5951239213349595,0.9472140762463344,0.5631288600362037,0.5480257132865863,0.008908447155282518,0.009536245098993099,0.09840592455514319,7.5951239213349595
15,L13H17,13,17,0.9242424242424243,0.6589832271273489,0.9726295210166178,2.100118555891207,0.8758553274682307,0.7463540144203124,0.7325461807364192,0.02856445854360407,0.02924196230632633,0.062189496500758334,2.100118555891207
16,L9H31,9,31,0.9222873900293256,0.4288078140891333,0.8699902248289345,16.14073978109792,0.9745845552297165,0.6113209034785752,0.46270276439589497,0.024569720768731488,0.028977945030734524,0.20808111183986444,16.14073978109792
17,L14H19,14,19,0.9213098729227762,0.4200662294471229,0.8572825024437928,29.271123012406207,0.9853372434017595,0.4299262087207195,0.4702447499642825,0.1552989147911387,0.29556894785199084,1.1266869369191457,29.271123012406207
18,L15H24,15,24,0.9090909090909091,0.5094514842108316,0.9257086999022482,2.503693474563221,0.8924731182795699,0.6849450730095225,0.6176391948201803,0.10154510726613447,0.12211926397997573,0.21680158345222367,2.503693474563221
19,L15H13,15,13,0.9086021505376345,0.40688390086257503,0.8465298142717498,14.59686322211208,0.9706744868035191,0.3736333497299636,0.3945868553895524,0.033904059859346754,0.06543915981021008,0.4162934284539439,14.59686322211208
20,L10H24,10,24,0.9037145650048877,0.40946734785271977,0.8504398826979472,11.003958183969853,0.956989247311828,0.5514795115171385,0.5586297943272405,0.04917324968605987,0.06410460357226473,0.3870565649780664,11.003958183969853
21,L14H2,14,2,0.8929618768328447,0.3938474845153395,0.8347996089931574,8.388615821006908,0.9511241446725318,0.3796144083511731,0.4214611108409626,0.0719881663637713,0.16672206649234175,0.28019096124367415,8.388615821006908
22,L14H29,14,29,0.8910068426197458,0.4880495160854124,0.9090909090909091,1.9332236106838963,0.8729227761485826,0.42157640388189266,0.4429943473312442,0.17585026626744546,0.22844870629923303,0.2381547020475483,1.9332236106838963
23,L12H0,12,0,0.8875855327468231,0.38113525052326697,0.8220918866080156,9.30483961949372,0.9530791788856305,0.4263390706590384,0.39916989706748024,0.018810409652300117,0.023211327761245175,0.26658584952348274,9.30483961949372
24,L16H21,16,21,0.8856304985337243,0.3669330507614641,0.8093841642228738,11.970971195238704,0.9618768328445748,0.6830417587737406,0.7002162459675826,0.04478260702338101,0.05682223935367009,0.48839900825392624,11.970971195238704
25,L15H22,15,22,0.8836754643206256,0.3648827039162085,0.8064516129032258,11.683124408536479,0.9608993157380255,0.381102374762543,0.2960734473093928,0.057805992847631785,0.09935715902784018,0.793964320523183,11.683124408536479
26,L14H22,14,22,0.8831867057673509,0.3603926766744201,0.8015640273704789,12.58246968619639,0.9648093841642229,0.5845461798108313,0.5725470665613366,0.010036579340942636,0.010634496724805353,0.14301136386965485,12.58246968619639
27,L13H30,13,30,0.8822091886608016,0.4220495053295685,0.8611925708699902,3.162942195046398,0.9032258064516129,0.2978128751447378,0.3664145842610791,0.11170259980130787,0.16391472568392088,0.28130548505048925,3.162942195046398
28,L15H5,15,5,0.8792766373411535,0.3793875233092841,0.8211143695014662,6.064261578977461,0.9374389051808407,0.53700924264498,0.4331287854876598,0.15642363768963774,0.3237667736394445,0.6686677762378803,6.064261578977461
29,L12H11,12,11,0.8729227761485826,0.4216536339793751,0.8602150537634409,2.341569228442566,0.8856304985337243,0.4769154998881758,0.4523808332628378,0.10490768753792629,0.13282132781417677,0.2779955208939753,2.341569228442566
30,L14H26,14,26,0.8729227761485826,0.33546440933492183,0.7732160312805474,15.82156864296038,0.9726295210166178,0.4505623505135213,0.3553024746852214,0.07256606442869203,0.1268628650870403,1.2540205577548849,15.82156864296038
31,L11H4,11,4,0.8631476050830889,0.3852876649168855,0.8250244379276637,3.059259416268299,0.9012707722385142,0.4291301157848894,0.47115448841502544,0.055345905713798584,0.07926469100587195,0.24890531135539362,3.059259416268299
32,L15H27,15,27,0.8489736070381231,0.3649008459654564,0.8074291300097751,2.425283039270183,0.8905180840664711,0.30843345340618417,0.3837869648493868,0.10467155856534469,0.23311331160574653,0.3798701148389536,2.425283039270183
33,L16H4,16,4,0.8440860215053764,0.39419138226725653,0.8357771260997068,1.4590822160081456,0.852394916911046,0.39389224978517895,0.2779841132503648,0.1131918154472162,0.143305479647727,0.3283958908818507,1.4590822160081456
34,L10H25,10,25,0.8411534701857283,0.3057219155236984,0.739980449657869,6.656612073017335,0.9423264907135875,0.3964677802787339,0.3999308132925513,0.008862636306069115,0.009728386831683153,0.11202900902205837,6.656612073017335
35,L10H13,10,13,0.8304007820136853,0.2618325871108748,0.6832844574780059,17.292099728960867,0.9775171065493646,0.5654732353431134,0.35968686190730365,0.023096197892811674,0.025355345793276526,0.48445389455255894,17.292099728960867
36,L12H14,12,14,0.8289345063538611,0.32624999855367903,0.7663734115347018,2.485076929820763,0.8914956011730205,0.31692173165723314,0.3177069504667261,0.06654178554361517,0.1299631799566013,0.33987070031348154,2.485076929820763
37,L10H29,10,29,0.8264907135874877,0.3138444738578681,0.7526881720430108,2.993008683684983,0.9002932551319648,0.1874532320282676,0.2808987655619669,0.16591390696438876,0.2620573535811302,0.5865138298029837,2.993008683684983
38,L9H2,9,2,0.824535679374389,0.32326875099286045,0.7624633431085044,2.346209883062091,0.8866080156402737,0.1398085355758667,0.13591923960094346,0.014072236935954448,0.017367616462307934,0.18145534870339164,2.346209883062091
39,L9H20,9,20,0.8211143695014662,0.35533054709496265,0.7966764418377321,1.3774370026811553,0.8455522971652004,0.5621692907711691,0.48185787803633917,0.0928055634183332,0.12171536609114215,0.17334827653596396,1.3774370026811553
40,L14H28,14,28,0.8191593352883675,0.4358845033025602,0.8748778103616813,0.707307365240716,0.7634408602150538,0.479354807167999,0.4898179026122866,0.026623906182848718,0.034053646152911905,0.0263351315503888,0.707307365240716
41,L13H28,13,28,0.813782991202346,0.27778587459570964,0.7057673509286413,4.471260492735702,0.9217986314760508,0.2931614867911851,0.29383090138435364,0.016491481095306144,0.018884741061226614,0.1859434024506168,4.471260492735702
42,L9H7,9,7,0.8128054740957967,0.26872126045076367,0.6940371456500489,5.426050131903073,0.9315738025415445,0.26084453212328196,0.21255932964759167,0.02078976512940462,0.02374127274118988,0.3390357169335849,5.426050131903073
43,L15H14,15,14,0.8084066471163245,0.30428667724431024,0.7370478983382209,2.1645324683255174,0.8797653958944281,0.3274616500562873,0.30311815332434033,0.10127990649751395,0.2317153961298852,0.2537147757554479,2.1645324683255174
44,L10H20,10,20,0.8054740957966764,0.264525729250031,0.6852394916911047,4.718128624180192,0.9257086999022482,0.31754215689730053,0.3061005927663942,0.028296938119841016,0.04425321727491624,0.28434731449984785,4.718128624180192
45,L16H13,16,13,0.8049853372434017,0.32131476174609647,0.7595307917888563,1.420050283723139,0.8504398826979472,0.33162037350914697,0.32135765079679435,0.10316503195723226,0.2282566016945759,0.25624893631918155,1.420050283723139
46,L11H16,11,16,0.8044965786901271,0.25141869291104796,0.6686217008797655,6.369548610582335,0.9403714565004888,0.2419555280819412,0.23252891894825345,0.015462361091424612,0.02046608267216709,0.32667684748986936,6.369548610582335
47,L14H31,14,31,0.7908113391984359,0.3087059929310771,0.7438905180840665,1.3157800231480667,0.8377321603128055,0.35708754515844926,0.3063263569297737,0.06215770333266455,0.06983234912323552,0.225783020470252,1.3157800231480667
48,L9H30,9,30,0.7844574780058651,0.4920301375622124,0.9139784946236559,0.363641636420899,0.6549364613880743,0.4384164869292708,0.4284258797848025,0.30053711036020075,0.3490993635281504,0.12979541167305064,0.363641636420899
49,L15H7,15,7,0.7805474095796676,0.23774467037864927,0.6402737047898338,4.356692754756964,0.9208211143695014,0.4772893372646048,0.34360333261543147,0.04849104989658703,0.057202345582359995,0.48499878402048124,4.356692754756964
50,L14H23,14,23,0.7800586510263929,0.36985953480257433,0.81524926686217,0.6154854644535934,0.7448680351906158,0.4362161716153799,0.3786586816084451,0.05523745530892995,0.05496144644374954,0.060853514334396674,0.6154854644535934
51,L15H23,15,23,0.7800586510263929,0.354963676219488,0.7947214076246334,0.7108816310558339,0.7653958944281525,0.3137569181190049,0.3597924027529509,0.056112399278593454,0.08686755555968045,0.07043250012625357,0.7108816310558339
52,L14H3,14,3,0.7785923753665689,0.2836427353007294,0.718475073313783,1.3196308846428764,0.8387096774193549,0.24108915388091537,0.2533064000932864,0.20778872602242082,0.31382868776108297,0.41361015968240633,1.3196308846428764
53,L11H28,11,28,0.7771260997067448,0.2592621245978719,0.6774193548387097,2.1296102118955007,0.8768328445747801,0.4464614987373352,0.24004270910550762,0.052351937806310735,0.04018295785235293,0.2506770109164367,2.1296102118955007
54,L12H8,12,8,0.7678396871945259,0.30750196014758197,0.7419354838709677,0.8839813926248121,0.793743890518084,0.44972407177460094,0.34170357258626205,0.05744084789733256,0.056059654115298604,0.10499110996447758,0.8839813926248121
55,L16H10,16,10,0.7644183773216031,0.2474929533089572,0.6608015640273706,1.778160281394392,0.8680351906158358,0.22089522141070406,0.18875623498549007,0.029911941240641695,0.037378439690147695,0.19662986441857289,1.778160281394392
56,L15H31,15,31,0.7624633431085044,0.23860987306073464,0.6422287390029325,2.23543553278901,0.8826979472140762,0.2431441072590095,0.23059575800789134,0.0483532641544815,0.09500931145092628,0.32412798275980403,2.23543553278901
57,L12H3,12,3,0.7609970674486803,0.36294317634030343,0.804496578690127,0.5332744918463348,0.7174975562072337,0.2496431671883449,0.3061512220838216,0.017125929190107615,0.023494361915401905,0.019205310999073077,0.5332744918463348
58,L14H7,14,7,0.7595307917888563,0.2095638212711365,0.5943304007820137,4.689616119917176,0.9247311827956989,0.39158007921266164,0.18820015619919953,0.12049301793752623,0.17585885383230349,0.7781884876922316,4.689616119917176
59,L16H5,16,5,0.7585532746823069,0.29765689661210115,0.7311827956989247,0.8320266146647994,0.7859237536656891,0.2308866770799495,0.2238889677897512,0.16840793278591693,0.3150414124380943,0.2873062688020126,0.8320266146647994
60,L10H23,10,23,0.7580645161290323,0.2125603130826718,0.6001955034213099,4.107090072553351,0.9159335288367546,0.4094787560218622,0.27577423824611325,0.02743218752963484,0.024878667220057056,0.29594001805034287,4.107090072553351
61,L12H20,12,20,0.7531769305962854,0.2845933724460444,0.7194525904203324,0.8420771423554765,0.7869012707722385,0.2779135684336513,0.2893291214824389,0.02462922886383435,0.03006293079373557,0.06688553485328663,0.8420771423554765
62,L9H16,9,16,0.7517106549364614,0.340835589100466,0.7781036168132942,0.5488704408193144,0.7253176930596286,0.32443473802125156,0.35797518033888087,0.020155057434208135,0.021949732853047674,0.028426217618125804,0.5488704408193144
63,L12H29,12,29,0.7517106549364614,0.24015059096581412,0.6451612903225806,1.5315403780248573,0.8582600195503421,0.5469000019317816,0.5569420072286488,0.008583795433202066,0.009044274021793345,0.014787963385098912,1.5315403780248573
64,L16H29,16,29,0.749266862170088,0.3226912012733834,0.761485826001955,0.5925426046114222,0.7370478983382209,0.3485337121427552,0.2602653326934942,0.07714604296960122,0.06555190998748694,0.0894024305853327,0.5925426046114222
65,L13H26,13,26,0.7448680351906158,0.28783501744620277,0.7233626588465298,0.7129218440162859,0.7663734115347018,0.4157800482324332,0.37155953674010056,0.013032938330626685,0.013247080272136454,0.015801065840376882,0.7129218440162859
66,L11H21,11,21,0.7419354838709677,0.3964591373631094,0.8387096774193549,0.33536087404664006,0.6451612903225806,0.45411725231438627,0.43595549589095833,0.08413526686755093,0.09181999793931758,0.05553013358888781,0.33536087404664006
67,L15H19,15,19,0.7350928641251222,0.32351508860122025,0.7634408602150538,0.5050680542305717,0.7067448680351907,0.3368757721806361,0.3019634987222416,0.10728192329406738,0.22179699368650022,0.05317384163095351,0.5050680542305717
68,L9H4,9,4,0.7302052785923754,0.17977013115622675,0.533724340175953,4.742495337763379,0.9266862170087976,0.3896256266546643,0.29536867458061133,0.04401447851795796,0.05849783272383599,0.5756360271764325,4.742495337763379
69,L12H28,12,28,0.7302052785923754,0.16643410690541796,0.5063538611925709,10.19647756620008,0.9540566959921799,0.44145828830309153,0.2056868666543641,0.02916660978774394,0.027329651503589566,0.6912396988442158,10.19647756620008
70,L11H17,11,17,0.7297165200391007,0.24494146205069303,0.6539589442815249,0.9767504428796778,0.8054740957966764,0.14912836807818453,0.17337372665964693,0.6916117968638081,0.7497724862405042,0.9244554627506065,0.9767504428796778
71,L16H18,16,18,0.7272727272727273,0.2542068497069531,0.6715542521994136,0.8212276760437494,0.782991202346041,0.23875223260280515,0.19700279831886292,0.06112706710484402,0.07301654637525867,0.14885273473393368,0.8212276760437494
72,L13H4,13,4,0.7243401759530792,0.25992437454522366,0.6793743890518085,0.7303613105654208,0.7693059628543499,0.22121289200034022,0.18315289706491225,0.1326239266671425,0.2020945325077579,0.25877176421334436,0.7303613105654208
73,L16H0,16,0,0.7214076246334311,0.16938896896904604,0.5141739980449658,4.844829761782601,0.9286412512218963,0.21024963875447422,0.12391531975242678,0.03131354643293649,0.029535565213118186,0.5879673811813289,4.844829761782601
74,L14H9,14,9,0.7165200391006843,0.3099857450066772,0.7468230694037146,0.4411192595675515,0.686217008797654,0.2505517153700521,0.2770803110393066,0.23336266190552515,0.3488241588103705,0.15053665182506937,0.4411192595675515
75,L15H17,15,17,0.7018572825024437,0.20267602745742713,0.5855327468230693,1.0740516352749268,0.8181818181818181,0.29366474604803666,0.24646170803621495,0.05334011040443231,0.05638382296655431,0.19429921756905233,1.0740516352749268
76,L12H4,12,4,0.7008797653958945,0.2527577076483588,0.6695992179863148,0.5705079625203848,0.7321603128054741,0.1644711834340056,0.2458249315536222,0.17456383990847374,0.2602251730651163,0.1553591017670144,0.5705079625203848
77,L16H20,16,20,0.6989247311827957,0.460245734143393,0.8914956011730205,0.1424075465967043,0.5063538611925709,0.27293924408510695,0.35321156780480006,0.029275805496972455,0.04080053522933129,0.008845626130767226,0.1424075465967043
78,L14H15,14,15,0.6979472140762464,0.30458897324943146,0.7380254154447703,0.3720900995203724,0.6578690127077225,0.41495924843244314,0.36520849051755233,0.1603820831322473,0.1718573673477386,0.11375006977270896,0.3720900995203724
79,L12H16,12,16,0.6974584555229717,0.1523510840216607,0.4780058651026393,4.138785274348639,0.916911045943304,0.22445683390641016,0.37135569909431415,0.21079372522259546,0.27375619829366993,0.44484224212054513,4.138785274348639
80,L12H5,12,5,0.6915933528836755,0.27476158561617614,0.7008797653958945,0.4353385162862491,0.6823069403714566,0.27787924453246693,0.23130596541492632,0.0561414163959913,0.06080955325225212,0.06128523038830935,0.4353385162862491
81,L12H9,12,9,0.6891495601173021,0.5807035081262231,0.9521016617790812,0.03259544655095148,0.4261974584555229,0.5782659763147023,0.5634619173224412,0.11837450630408673,0.11010927494677751,0.0031952971016493414,0.03259544655095148
82,L16H27,16,27,0.6818181818181819,0.13975500056439372,0.4486803519061584,4.073656310552969,0.9149560117302052,0.19134085779347695,0.13299779885308036,0.03824449028850587,0.04539698295753095,0.48047906488342584,4.073656310552969
83,L13H19,13,19,0.6691104594330402,0.11536863842502074,0.3890518084066471,8.033975137964465,0.9491691104594331,0.3672570842356721,0.16250523308801917,0.04293546991899979,0.045121674680843035,0.8212933461702294,8.033975137964465
84,L15H26,15,26,0.66911045943304,0.3090053063109221,0.7448680351906158,0.25822501052815117,0.5933528836754642,0.23296475706021647,0.19673695186329954,0.03860813822628053,0.036460068056037305,0.0396450316962893,0.25822501052815117
85,L9H18,9,18,0.6603128054740959,0.25477682235965127,0.6735092864125123,0.34148559164180137,0.6471163245356794,0.2514614566298556,0.21274393022726368,0.11709337835469522,0.1295818485028251,0.1018161445734318,0.34148559164180137
86,L13H7,13,7,0.6578690127077224,0.13434612955830502,0.4320625610948191,2.289939197572458,0.8836754643206256,0.2692647660074155,0.1277709782290059,0.06223231406251261,0.05423588642860924,0.6199892533972872,2.289939197572458
87,L9H12,9,12,0.6573802541544477,0.34308470633029525,0.7820136852394917,0.17095207712034766,0.5327468230694037,0.36739532858872215,0.33129029125807674,0.22196331743366463,0.2639078711830704,0.08332453794283556,0.17095207712034766
88,L10H14,10,14,0.653958944281525,0.14565745641419028,0.4643206256109482,1.366084726385866,0.8435972629521017,0.18020738107113798,0.20447683883778875,0.059426845597826745,0.048034443202631436,0.10186787367046657,1.366084726385866
89,L12H26,12,26,0.6520039100684263,0.136395685224207,0.43890518084066477,1.7122170524423552,0.8651026392961877,0.17318137962956073,0.11286785224629514,0.023401941149687962,0.020302687943314707,0.14955624608811968,1.7122170524423552
90,L14H8,14,8,0.6422287390029325,0.1668455319749611,0.5073313782991202,0.7798083604050836,0.7771260997067448,0.19788415963984718,0.16522514403865324,0.027334205867830388,0.02658483552533155,0.1062134263212946,0.7798083604050836
91,L14H1,14,1,0.6212121212121212,0.10439546143549586,0.364613880742913,2.15004280202928,0.8778103616813294,0.15594183906050754,0.07909188981495756,0.0494717206836732,0.0456330818670422,0.48798998375222724,2.15004280202928
92,L9H25,9,25,0.6177908113391984,0.16804972021840353,0.509286412512219,0.5538780041738329,0.7262952101661779,0.23051777654442906,0.15578171985442413,0.04202578383043778,0.037560896001048595,0.09721083643163997,0.5538780041738329
93,L16H28,16,28,0.6133919843597263,0.10099091809908768,0.35581622678396874,1.9036044875252136,0.8709677419354839,0.13186917078396507,0.09624883890484964,0.0280653514152716,0.02882913304440802,0.3273273401418493,1.9036044875252136
94,L12H15,12,15,0.6114369501466276,0.10570751277508256,0.36852394916911047,1.4704149529242252,0.8543499511241447,0.17005530073623026,0.08675478781734765,0.04708342118696733,0.04389752222839014,0.49342368692310146,1.4704149529242252
95,L10H1,10,1,0.6080156402737048,0.7849413944564938,0.9921798631476051,0.0,0.22385141739980452,0.8001837626961638,0.8213150403852569,0.020049100572412663,0.017100999225451295,-0.044251884575579936,-2.6409412475332132
96,L12H17,12,17,0.6070381231671553,0.2263801632314905,0.624633431085044,0.2545183744725117,0.5894428152492668,0.18374488866033634,0.18075856275065652,0.03522303823597175,0.03827114386598491,0.04494492942978123,0.2545183744725117
97,L10H30,10,30,0.593841642228739,0.7299106678872544,0.9843597262952102,0.0,0.20332355816226788,0.8542847790993935,0.8243680171793399,0.04950365547306281,0.03499961115794475,-0.3233186212782351,-10.047904856279072
98,L13H3,13,3,0.5791788856304985,0.18576596119185224,0.5513196480938416,0.27757939754997407,0.6070381231671554,0.1771363320429463,0.1514462510633735,0.06729152379942334,0.06880723789084557,0.10697894618091408,0.27757939754997407
99,L12H23,12,23,0.5791788856304985,0.07925738346142341,0.27663734115347016,2.208823988703381,0.8817204301075269,0.17049267567878912,0.12265291335529455,0.01691736367123186,0.01599214613104666,0.23749677379677525,2.208823988703381
100,L11H6,11,6,0.5782013685239492,0.5914540733981886,0.956989247311828,0.0,0.19941348973607043,0.6453911568507675,0.709411701926306,0.08675533533096313,0.06907615306990107,-0.22697328714111809,-3.0952006986244243
