score_name,n_common,pearson_with_target_rank_percentile,spearman_with_target_rank_percentile,path
layerprior_top5mean_alpha0p5__itext_all__C_toi_HminusG,608,0.9955719804254144,0.9955719804254147,../ADHH/LLaVA/results/coco/llava-v1.5-7b_base_original_qa_n3000/surrogate_hh_scores/surrogate_score_zoo/ranked_heads_layerprior_top5mean_alpha0p5__itext_all__C_toi_HminusG.json
global__txt_attn_raw_all__C_toi_HminusG,608,0.9950119041568025,0.9950119041568019,../ADHH/LLaVA/results/coco/llava-v1.5-7b_base_original_qa_n3000/surrogate_hh_scores/surrogate_score_zoo/ranked_heads_global__txt_attn_raw_all__C_toi_HminusG.json
layerprior_top5mean_alpha0p5__txt_attn_raw_all__C_toi_HminusG,608,0.9913722092825086,0.9913722092825089,../ADHH/LLaVA/results/coco/llava-v1.5-7b_base_original_qa_n3000/surrogate_hh_scores/surrogate_score_zoo/ranked_heads_layerprior_top5mean_alpha0p5__txt_attn_raw_all__C_toi_HminusG.json
layerprior_top5mean_alpha1p0__itext_all__C_toi_HminusG,608,0.9848331987157003,0.984833198715701,../ADHH/LLaVA/results/coco/llava-v1.5-7b_base_original_qa_n3000/surrogate_hh_scores/surrogate_score_zoo/ranked_heads_layerprior_top5mean_alpha1p0__itext_all__C_toi_HminusG.json
layerprior_top5mean_alpha1p0__txt_attn_raw_all__C_toi_HminusG,608,0.981229489676016,0.9812294896760166,../ADHH/LLaVA/results/coco/llava-v1.5-7b_base_original_qa_n3000/surrogate_hh_scores/surrogate_score_zoo/ranked_heads_layerprior_top5mean_alpha1p0__txt_attn_raw_all__C_toi_HminusG.json
layerprior_top5mean_alpha2p0__itext_all__C_toi_HminusG,608,0.951645129269234,0.9516451292692336,../ADHH/LLaVA/results/coco/llava-v1.5-7b_base_original_qa_n3000/surrogate_hh_scores/surrogate_score_zoo/ranked_heads_layerprior_top5mean_alpha2p0__itext_all__C_toi_HminusG.json
layerprior_top5mean_alpha2p0__txt_attn_raw_all__C_toi_HminusG,608,0.9492124548148199,0.9492124548148194,../ADHH/LLaVA/results/coco/llava-v1.5-7b_base_original_qa_n3000/surrogate_hh_scores/surrogate_score_zoo/ranked_heads_layerprior_top5mean_alpha2p0__txt_attn_raw_all__C_toi_HminusG.json
global__itext_all__C_logtoi_HminusG,608,0.9143518449307395,0.9143518449307386,../ADHH/LLaVA/results/coco/llava-v1.5-7b_base_original_qa_n3000/surrogate_hh_scores/surrogate_score_zoo/ranked_heads_global__itext_all__C_logtoi_HminusG.json
global__txt_attn_raw_all__C_logtoi_HminusG,608,0.9099995344265911,0.909999534426591,../ADHH/LLaVA/results/coco/llava-v1.5-7b_base_original_qa_n3000/surrogate_hh_scores/surrogate_score_zoo/ranked_heads_global__txt_attn_raw_all__C_logtoi_HminusG.json
Fusion_halltext50_logC30_imgdrop20,608,0.8832589092170283,0.8832589092170295,../ADHH/LLaVA/results/coco/llava-v1.5-7b_base_original_qa_n3000/surrogate_hh_scores/surrogate_score_zoo/ranked_heads_Fusion_halltext50_logC30_imgdrop20.json
global__itext_all__C_itext_mass_HminusG,608,0.8581962703725742,0.8581962703725742,../ADHH/LLaVA/results/coco/llava-v1.5-7b_base_original_qa_n3000/surrogate_hh_scores/surrogate_score_zoo/ranked_heads_global__itext_all__C_itext_mass_HminusG.json
Fusion_text70_ratioC30,608,0.8570434956618379,0.8570434956618384,../ADHH/LLaVA/results/coco/llava-v1.5-7b_base_original_qa_n3000/surrogate_hh_scores/surrogate_score_zoo/ranked_heads_Fusion_text70_ratioC30.json
local__itext_all__C_toi_HminusG,608,0.8550869127314686,0.8550869127314681,../ADHH/LLaVA/results/coco/llava-v1.5-7b_base_original_qa_n3000/surrogate_hh_scores/surrogate_score_zoo/ranked_heads_local__itext_all__C_toi_HminusG.json
global__txt_attn_raw_all__C_itext_mass_HminusG,608,0.8533360470425625,0.8533360470425625,../ADHH/LLaVA/results/coco/llava-v1.5-7b_base_original_qa_n3000/surrogate_hh_scores/surrogate_score_zoo/ranked_heads_global__txt_attn_raw_all__C_itext_mass_HminusG.json
layerprior_top5mean_alpha0p5__itext_all__C_itext_mass_HminusG,608,0.8505770974616006,0.8505770974615999,../ADHH/LLaVA/results/coco/llava-v1.5-7b_base_original_qa_n3000/surrogate_hh_scores/surrogate_score_zoo/ranked_heads_layerprior_top5mean_alpha0p5__itext_all__C_itext_mass_HminusG.json
local__txt_attn_raw_all__C_toi_HminusG,608,0.849318928036447,0.8493189280364465,../ADHH/LLaVA/results/coco/llava-v1.5-7b_base_original_qa_n3000/surrogate_hh_scores/surrogate_score_zoo/ranked_heads_local__txt_attn_raw_all__C_toi_HminusG.json
layerprior_top5mean_alpha0p5__txt_attn_raw_all__C_itext_mass_HminusG,608,0.8459792930887131,0.8459792930887124,../ADHH/LLaVA/results/coco/llava-v1.5-7b_base_original_qa_n3000/surrogate_hh_scores/surrogate_score_zoo/ranked_heads_layerprior_top5mean_alpha0p5__txt_attn_raw_all__C_itext_mass_HminusG.json
layerprior_top5mean_alpha1p0__itext_all__C_itext_mass_HminusG,608,0.8357199665641404,0.835719966564141,../ADHH/LLaVA/results/coco/llava-v1.5-7b_base_original_qa_n3000/surrogate_hh_scores/surrogate_score_zoo/ranked_heads_layerprior_top5mean_alpha1p0__itext_all__C_itext_mass_HminusG.json
layerprior_top5mean_alpha1p0__txt_attn_raw_all__C_itext_mass_HminusG,608,0.8318257546667333,0.8318257546667329,../ADHH/LLaVA/results/coco/llava-v1.5-7b_base_original_qa_n3000/surrogate_hh_scores/surrogate_score_zoo/ranked_heads_layerprior_top5mean_alpha1p0__txt_attn_raw_all__C_itext_mass_HminusG.json
text_hall,608,0.8030689082816111,0.8030689082816114,../ADHH/LLaVA/results/coco/llava-v1.5-7b_base_original_qa_n3000/surrogate_hh_scores/surrogate_score_zoo/ranked_heads_text_hall.json
layerprior_top5mean_alpha2p0__itext_all__C_itext_mass_HminusG,608,0.7995013986423202,0.7995013986423197,../ADHH/LLaVA/results/coco/llava-v1.5-7b_base_original_qa_n3000/surrogate_hh_scores/surrogate_score_zoo/ranked_heads_layerprior_top5mean_alpha2p0__itext_all__C_itext_mass_HminusG.json
layerprior_top5mean_alpha2p0__txt_attn_raw_all__C_itext_mass_HminusG,608,0.7949472150808201,0.7949472150808199,../ADHH/LLaVA/results/coco/llava-v1.5-7b_base_original_qa_n3000/surrogate_hh_scores/surrogate_score_zoo/ranked_heads_layerprior_top5mean_alpha2p0__txt_attn_raw_all__C_itext_mass_HminusG.json
itext_all,608,0.7853259697274776,0.7853259697274774,../ADHH/LLaVA/results/coco/llava-v1.5-7b_base_original_qa_n3000/surrogate_hh_scores/surrogate_score_zoo/ranked_heads_itext_all.json
Fusion_text50_ratioC30_imgdrop20,608,0.7796838820621408,0.7796838820621401,../ADHH/LLaVA/results/coco/llava-v1.5-7b_base_original_qa_n3000/surrogate_hh_scores/surrogate_score_zoo/ranked_heads_Fusion_text50_ratioC30_imgdrop20.json
Fusion_text40_absC30_relC30,608,0.7756623315660057,0.7756623315660054,../ADHH/LLaVA/results/coco/llava-v1.5-7b_base_original_qa_n3000/surrogate_hh_scores/surrogate_score_zoo/ranked_heads_Fusion_text40_absC30_relC30.json
text_all,608,0.7729283157903275,0.7729283157903281,../ADHH/LLaVA/results/coco/llava-v1.5-7b_base_original_qa_n3000/surrogate_hh_scores/surrogate_score_zoo/ranked_heads_text_all.json
local__itext_all__C_logtoi_HminusG,608,0.7625195466083831,0.7625195466083833,../ADHH/LLaVA/results/coco/llava-v1.5-7b_base_original_qa_n3000/surrogate_hh_scores/surrogate_score_zoo/ranked_heads_local__itext_all__C_logtoi_HminusG.json
text_object,608,0.7593771930536448,0.7593771930536449,../ADHH/LLaVA/results/coco/llava-v1.5-7b_base_original_qa_n3000/surrogate_hh_scores/surrogate_score_zoo/ranked_heads_text_object.json
local__txt_attn_raw_all__C_logtoi_HminusG,608,0.7561050982851092,0.7561050982851096,../ADHH/LLaVA/results/coco/llava-v1.5-7b_base_original_qa_n3000/surrogate_hh_scores/surrogate_score_zoo/ranked_heads_local__txt_attn_raw_all__C_logtoi_HminusG.json
Specific_logtoi_delta_x_hall,608,0.7236525493988333,0.7236525493988338,../ADHH/LLaVA/results/coco/llava-v1.5-7b_base_original_qa_n3000/surrogate_hh_scores/surrogate_score_zoo/ranked_heads_Specific_logtoi_delta_x_hall.json
local__itext_all__C_itext_mass_HminusG,608,0.702636715204475,0.7026367152044745,../ADHH/LLaVA/results/coco/llava-v1.5-7b_base_original_qa_n3000/surrogate_hh_scores/surrogate_score_zoo/ranked_heads_local__itext_all__C_itext_mass_HminusG.json
local__txt_attn_raw_all__C_itext_mass_HminusG,608,0.6953988640008821,0.6953988640008817,../ADHH/LLaVA/results/coco/llava-v1.5-7b_base_original_qa_n3000/surrogate_hh_scores/surrogate_score_zoo/ranked_heads_local__txt_attn_raw_all__C_itext_mass_HminusG.json
logtoi_hall,608,0.6441004694603062,0.6441004694603065,../ADHH/LLaVA/results/coco/llava-v1.5-7b_base_original_qa_n3000/surrogate_hh_scores/surrogate_score_zoo/ranked_heads_logtoi_hall.json
ratio_hall,608,0.6441004694603062,0.6441004694603065,../ADHH/LLaVA/results/coco/llava-v1.5-7b_base_original_qa_n3000/surrogate_hh_scores/surrogate_score_zoo/ranked_heads_ratio_hall.json
Hall_text_minus_all,608,0.599273491915894,0.5992734919158945,../ADHH/LLaVA/results/coco/llava-v1.5-7b_base_original_qa_n3000/surrogate_hh_scores/surrogate_score_zoo/ranked_heads_Hall_text_minus_all.json
C_logtoi_hall_minus_nonhall,608,0.594712047117737,0.5947120471177376,../ADHH/LLaVA/results/coco/llava-v1.5-7b_base_original_qa_n3000/surrogate_hh_scores/surrogate_score_zoo/ranked_heads_C_logtoi_hall_minus_nonhall.json
Object_text_minus_all,608,0.5803874425027516,0.5803874425027519,../ADHH/LLaVA/results/coco/llava-v1.5-7b_base_original_qa_n3000/surrogate_hh_scores/surrogate_score_zoo/ranked_heads_Object_text_minus_all.json
Specific_text_delta_x_hall,608,0.5706987637531029,0.5706987637531027,../ADHH/LLaVA/results/coco/llava-v1.5-7b_base_original_qa_n3000/surrogate_hh_scores/surrogate_score_zoo/ranked_heads_Specific_text_delta_x_hall.json
Fusion_ratio_policy,608,0.5444005400651546,0.5444005400651547,../ADHH/LLaVA/results/coco/llava-v1.5-7b_base_original_qa_n3000/surrogate_hh_scores/surrogate_score_zoo/ranked_heads_Fusion_ratio_policy.json
C_text_hall_minus_nonhall,608,0.5267178804535629,0.5267178804535626,../ADHH/LLaVA/results/coco/llava-v1.5-7b_base_original_qa_n3000/surrogate_hh_scores/surrogate_score_zoo/ranked_heads_C_text_hall_minus_nonhall.json
Specific_text_threefactor,608,0.522242983189383,0.522242983189383,../ADHH/LLaVA/results/coco/llava-v1.5-7b_base_original_qa_n3000/surrogate_hh_scores/surrogate_score_zoo/ranked_heads_Specific_text_threefactor.json
C_itext_hall_minus_nonhall,608,0.4799000426704441,0.4799000426704437,../ADHH/LLaVA/results/coco/llava-v1.5-7b_base_original_qa_n3000/surrogate_hh_scores/surrogate_score_zoo/ranked_heads_C_itext_hall_minus_nonhall.json
ratio_all,608,0.4779886822948415,0.4779886822948413,../ADHH/LLaVA/results/coco/llava-v1.5-7b_base_original_qa_n3000/surrogate_hh_scores/surrogate_score_zoo/ranked_heads_ratio_all.json
layerweighted_top5mean_alpha2__itext_all__C_itext_mass_HminusG,608,0.4266882588793172,0.4266882588793179,../ADHH/LLaVA/results/coco/llava-v1.5-7b_base_original_qa_n3000/surrogate_hh_scores/surrogate_score_zoo/ranked_heads_layerweighted_top5mean_alpha2__itext_all__C_itext_mass_HminusG.json
layerweighted_top5mean_alpha2__txt_attn_raw_all__C_itext_mass_HminusG,608,0.4053530904463905,0.405353090446391,../ADHH/LLaVA/results/coco/llava-v1.5-7b_base_original_qa_n3000/surrogate_hh_scores/surrogate_score_zoo/ranked_heads_layerweighted_top5mean_alpha2__txt_attn_raw_all__C_itext_mass_HminusG.json
Object_ratio_minus_all,608,0.395573699629976,0.395573699629976,../ADHH/LLaVA/results/coco/llava-v1.5-7b_base_original_qa_n3000/surrogate_hh_scores/surrogate_score_zoo/ranked_heads_Object_ratio_minus_all.json
layerweighted_top5mean_alpha2__txt_attn_raw_all__C_logtoi_HminusG,608,0.35107294382066623,0.35107294382066634,../ADHH/LLaVA/results/coco/llava-v1.5-7b_base_original_qa_n3000/surrogate_hh_scores/surrogate_score_zoo/ranked_heads_layerweighted_top5mean_alpha2__txt_attn_raw_all__C_logtoi_HminusG.json
layerweighted_top5mean_alpha2__itext_all__C_logtoi_HminusG,608,0.3392655857105698,0.33926558571056975,../ADHH/LLaVA/results/coco/llava-v1.5-7b_base_original_qa_n3000/surrogate_hh_scores/surrogate_score_zoo/ranked_heads_layerweighted_top5mean_alpha2__itext_all__C_logtoi_HminusG.json
C_image_drop_nonhall_minus_hall,608,0.33421993388857596,0.33421993388857596,../ADHH/LLaVA/results/coco/llava-v1.5-7b_base_original_qa_n3000/surrogate_hh_scores/surrogate_score_zoo/ranked_heads_C_image_drop_nonhall_minus_hall.json
layerweighted_top5mean_alpha2__itext_all__C_toi_HminusG,608,0.33332274402987533,0.3333227440298754,../ADHH/LLaVA/results/coco/llava-v1.5-7b_base_original_qa_n3000/surrogate_hh_scores/surrogate_score_zoo/ranked_heads_layerweighted_top5mean_alpha2__itext_all__C_toi_HminusG.json
layerweighted_top5mean_alpha2__txt_attn_raw_all__C_toi_HminusG,608,0.3330286639452689,0.33302866394526914,../ADHH/LLaVA/results/coco/llava-v1.5-7b_base_original_qa_n3000/surrogate_hh_scores/surrogate_score_zoo/ranked_heads_layerweighted_top5mean_alpha2__txt_attn_raw_all__C_toi_HminusG.json
Specific_ratio_delta_x_hall,608,0.2914997294121517,0.2914997294121517,../ADHH/LLaVA/results/coco/llava-v1.5-7b_base_original_qa_n3000/surrogate_hh_scores/surrogate_score_zoo/ranked_heads_Specific_ratio_delta_x_hall.json
Hall_ratio_minus_all,608,0.28986531046698694,0.28986531046698727,../ADHH/LLaVA/results/coco/llava-v1.5-7b_base_original_qa_n3000/surrogate_hh_scores/surrogate_score_zoo/ranked_heads_Hall_ratio_minus_all.json
RelC_image_drop,608,0.2814777278650811,0.28147772786508113,../ADHH/LLaVA/results/coco/llava-v1.5-7b_base_original_qa_n3000/surrogate_hh_scores/surrogate_score_zoo/ranked_heads_RelC_image_drop.json
RelC_text_hall_minus_nonhall,608,0.16129401003502897,0.16129401003502908,../ADHH/LLaVA/results/coco/llava-v1.5-7b_base_original_qa_n3000/surrogate_hh_scores/surrogate_score_zoo/ranked_heads_RelC_text_hall_minus_nonhall.json
RelC_logtoi_hall_minus_nonhall,608,0.14356559395420881,0.14356559395420895,../ADHH/LLaVA/results/coco/llava-v1.5-7b_base_original_qa_n3000/surrogate_hh_scores/surrogate_score_zoo/ranked_heads_RelC_logtoi_hall_minus_nonhall.json
C_ratio_hall_minus_nonhall,608,0.12471504985266096,0.12471504985266099,../ADHH/LLaVA/results/coco/llava-v1.5-7b_base_original_qa_n3000/surrogate_hh_scores/surrogate_score_zoo/ranked_heads_C_ratio_hall_minus_nonhall.json
Specific_ratio_threefactor,608,0.11680991235687332,0.11680991235687357,../ADHH/LLaVA/results/coco/llava-v1.5-7b_base_original_qa_n3000/surrogate_hh_scores/surrogate_score_zoo/ranked_heads_Specific_ratio_threefactor.json
RelC_ratio_hall_minus_nonhall,608,-0.056684897353877044,-0.05668489735387723,../ADHH/LLaVA/results/coco/llava-v1.5-7b_base_original_qa_n3000/surrogate_hh_scores/surrogate_score_zoo/ranked_heads_RelC_ratio_hall_minus_nonhall.json
low_image_hall,608,-0.32911368277536435,-0.3291136827753643,../ADHH/LLaVA/results/coco/llava-v1.5-7b_base_original_qa_n3000/surrogate_hh_scores/surrogate_score_zoo/ranked_heads_low_image_hall.json
