question_id,step_idx,token_id,token_text,label,n_heads,r_img,r_full,delta_img,delta_full
230008,6,12139,officer,grounded,90,0.6201450530902147,0.2956610766873836,0.30925078846400983,0.03897222505953065
230008,11,23090,cycle,grounded,90,0.7125899801635265,0.33251020901205475,0.4173835813812488,0.0421487533772559
230008,23,12139,officer,grounded,90,0.8304668107118675,0.43819797503862107,0.6304973723896996,0.08597081639259242
230008,39,1559,car,grounded,90,0.7577672862291539,0.389813704839913,0.5064331282199319,0.07672803323237593
230008,48,23090,cycle,grounded,90,0.9035755240454548,0.47186927069704904,0.7927253751328666,0.1193905164411591
230008,52,1559,car,grounded,90,0.83558549019823,0.4656052734046309,0.6553435141656057,0.11738580761228569
230008,67,2305,people,grounded,90,0.8913462747918989,0.49918295544043356,0.7309539205798425,0.12749625167094067
230008,77,23090,cycle,grounded,90,0.9154978482088012,0.5057344631026961,0.82542176614889,0.12894534666622487
230008,81,2022,person,grounded,90,0.9566623207010568,0.5931079994180958,0.9385410001788177,0.20510525959743203
230008,86,1559,car,grounded,90,0.9333301040055414,0.5699420972853062,0.867906430068992,0.18595868242696562
230008,90,23156,bag,hallucinated,90,0.9037652666488695,0.45637497046889575,0.7740187933787058,0.10052967992036164
230008,98,2022,person,grounded,90,0.9639777900409935,0.5592446979936525,0.9523868147691072,0.19966970643869233
230008,103,23090,cycle,grounded,90,0.9446923349418526,0.5508310576304003,0.894117569760492,0.15846782575724516
519055,14,767,man,grounded,90,0.702999931736206,0.36029382664840737,0.4265487138538297,0.03908427248160596
519055,42,345,ve,grounded,90,0.8413393923922073,0.5000089128154409,0.6342239259176778,0.12779185243853633
519055,52,8287,ball,grounded,90,0.8150068297392413,0.44469248151866814,0.6133713243639212,0.10399262121099709
519055,61,2305,people,grounded,90,0.876519687448967,0.4528524827192331,0.6934526128150215,0.0916082735722352
519055,87,7121,airs,grounded,90,0.8278591796589042,0.4353321225264718,0.6439895904904097,0.09397379195629535
519055,99,10769,players,grounded,90,0.9350266498315962,0.49764041018336475,0.8628512822187611,0.13180096334140765
519055,116,18647,cars,grounded,90,0.8438263428422014,0.4433852527293957,0.647124131113032,0.09823391909439685
527447,8,2305,people,grounded,90,0.6160196110256327,0.28152881340496394,0.2749771219731419,0.03081921922458915
527447,9,14993,ski,grounded,90,0.5558421215173667,0.17539958971515981,0.18347323475492763,0.005952523983416986
527447,22,2305,people,grounded,90,0.8597726685339196,0.4491621102849041,0.6453806153406133,0.09967356519738099
527447,52,275,is,grounded,90,0.8819055841686148,0.42271369755557964,0.7269855690953316,0.09775266159656006
527447,66,14993,ski,grounded,90,0.8933937237261895,0.4141282182028785,0.7521948408952609,0.07933971008974587
527447,114,14993,ski,grounded,90,0.9058092446486953,0.48565187285083256,0.8085997456480908,0.10867984432616995
153976,9,1757,men,grounded,90,0.6403708630294881,0.28442411873355977,0.30118237198733033,0.029056230585042607
153976,13,3377,board,grounded,90,0.6811854454454702,0.2677804973280601,0.33537398994873324,0.016893751864690807
153976,27,3377,board,grounded,90,0.8138483211978778,0.34257782473752857,0.5286091732398948,0.032932621183087075
153976,41,3377,board,grounded,90,0.8202206307648402,0.48783738823459866,0.640493818238178,0.11729984133888911
153976,46,1559,car,grounded,90,0.808558739035348,0.4529517624649451,0.5912113230609785,0.08235593155722047
153976,53,3377,board,grounded,90,0.9083989429703203,0.4166624145007167,0.7852081276563871,0.06004276479777046
153976,83,18647,cars,grounded,90,0.9042565749706536,0.5243564281547779,0.7869771146745497,0.13603886474046947
153976,106,24691,boards,grounded,90,0.9259671058527427,0.5121019712359578,0.8499166970722167,0.12444907809284757
326317,11,11134,meter,grounded,90,0.6642867387801513,0.32845498193835954,0.3716525558662345,0.045393518554262206
326317,24,2841,cle,grounded,90,0.7367971975162378,0.39748714811921626,0.5096139180500936,0.0791896899136678
326317,33,11134,meter,grounded,90,0.8570902616927877,0.503736002560475,0.7033807939668008,0.133270036609468
326317,37,1559,car,grounded,90,0.7962583807111229,0.44565272252957044,0.5737642478406291,0.09740717817005606
326317,47,18647,cars,grounded,90,0.8806825585551378,0.49974578418191384,0.7216491730768421,0.12194322883132588
326317,56,1559,car,grounded,90,0.882499664342395,0.5029041545641609,0.7301143503415304,0.12417574518416978
326317,63,1559,car,grounded,90,0.9223012341631679,0.5635086457746321,0.8460550827916555,0.18015221616699392
326317,84,2305,people,grounded,90,0.878611317864664,0.4934253716663399,0.7274068404966995,0.1309837268478491
326317,93,2022,person,grounded,90,0.9379188492894054,0.5542459785121733,0.8791369085328258,0.1801366608469004
326317,111,2707,uck,grounded,90,0.8375207719586931,0.4761731841865628,0.6899098225575322,0.12341320154322949
245447,9,2305,people,grounded,90,0.577113519634478,0.2594079247695925,0.24782523125990283,0.026634334413429932
245447,15,1591,table,grounded,90,0.695294226910937,0.3581994410148945,0.38923404980226434,0.05794477104395133
245447,26,2873,ones,grounded,90,0.7783570543019792,0.43056838139281656,0.5285478318056911,0.08075448950290716
245447,31,2305,people,grounded,90,0.8256490346713529,0.4486147114050218,0.5957071106415234,0.11051885661247703
245447,38,5866,women,grounded,90,0.7870075300580612,0.4199680674446328,0.552372844508165,0.06815239126370141
245447,45,1591,table,grounded,90,0.8715081952564279,0.43516946059188755,0.6648640167458951,0.06886248666457473
245447,48,1757,men,grounded,90,0.8625423226255552,0.4663731445948614,0.6879534007889643,0.08701415361812069
245447,65,1591,table,grounded,90,0.857334110552332,0.4408539907363542,0.6618049369239695,0.07667491678134616
245447,69,18002,cup,grounded,90,0.7961863907947107,0.443373723024529,0.5921713297894183,0.11159252777297989
245447,73,280,le,hallucinated,90,0.8508501966082668,0.49771226714337735,0.6823313673517863,0.13648637222990884
245447,77,12580,bow,hallucinated,90,0.7498936380445811,0.3081648771369915,0.47077950502586613,0.03493208897716479
245447,82,9008,phone,grounded,90,0.8467625079014173,0.46388699830673724,0.6439908020381542,0.10993141721849006
245447,88,1591,table,grounded,90,0.9108915293265568,0.4996997290651913,0.7932722095378482,0.10323064971039965
245447,96,2305,people,grounded,90,0.9331125613178668,0.50953436903058,0.8571062040073474,0.15475409794159237
359239,8,24990,izza,grounded,90,0.6256595580348716,0.2798278066712472,0.2861683416295468,0.030785407855347394
359239,31,24990,izza,grounded,90,0.8101102634367184,0.46038449133830955,0.6133021912789651,0.11514607191065601
359239,38,1591,table,grounded,90,0.7887072257768982,0.40209181144035655,0.5587445031827886,0.06362136918999
359239,43,27350,fork,grounded,90,0.7081568979930527,0.3291074169910504,0.444082396274714,0.04727991983476864
359239,47,1607,ife,grounded,90,0.8208834465714966,0.4825673247604026,0.6322388220710964,0.15833815062471437
359239,61,12917,glass,grounded,90,0.8354571008879503,0.49327904848200294,0.6394146230362157,0.1337234508334705
359239,71,1591,table,grounded,90,0.8942560061343174,0.4743956517832297,0.7542735127542318,0.09201448280387436
359239,74,1591,table,grounded,90,0.846029296194608,0.469275825384572,0.6559475670093825,0.11898657288676878
325992,6,29895,k,grounded,90,0.6559032989591655,0.3074235308203388,0.3309952670490738,0.04286572990526853
325992,9,19022,laptop,grounded,90,0.6671624106747329,0.3242036560731474,0.35898391253572925,0.05341037233201496
325992,18,19022,laptop,grounded,90,0.7697618920261418,0.4349138004712679,0.5565368782929113,0.11693029356354724
325992,40,29895,k,grounded,90,0.8252301601621416,0.4437991326210238,0.6077164664075928,0.08159592477369752
325992,53,9008,phone,grounded,90,0.8371166464479746,0.45825898161464895,0.6472960514344612,0.1228512950145331
325992,56,9495,mouse,hallucinated,90,0.8325190296007853,0.38431617637638105,0.6093452680828936,0.06282229995078387
325992,61,280,le,grounded,90,0.8716539819156494,0.5049981430776183,0.7206961285755995,0.13188887565715482
325992,70,19022,laptop,grounded,90,0.8884122136420355,0.4718281369854074,0.7305228154785903,0.10597976480344096
325992,76,24691,boards,hallucinated,90,0.8964239839415953,0.46637620107542876,0.7668846452732132,0.09988732187433882
325992,80,29895,k,grounded,90,0.9370217333595883,0.5238486758535833,0.8683155065739244,0.13775499905806246
325992,87,19022,laptop,grounded,90,0.9367950574644053,0.48154404328340666,0.8755318614962235,0.11591089023956111
325992,95,5648,TV,grounded,90,0.7852099295776345,0.391266978830903,0.5848710683605803,0.0661366397603182
325992,104,3143,book,grounded,90,0.8650616676440179,0.45299835172617214,0.6971975735866537,0.10832327364711211
325992,112,29895,k,grounded,90,0.9493919454475422,0.5262748334976488,0.9044553039934861,0.1451844124997559
378098,28,5079,oli,grounded,90,0.7981459177920196,0.4866897621509379,0.6071328425833934,0.13892253130764523
378098,36,1559,car,hallucinated,90,0.7556398458632576,0.37944496095924424,0.4714951088931046,0.07545784184205001
378098,38,1372,ts,grounded,90,0.8798204557470658,0.5504020485945771,0.7341773099371299,0.20967985257837565
378098,80,1591,table,grounded,90,0.839605804699389,0.4317836460281652,0.6438403819964218,0.06397875137672115
74617,10,12544,boys,grounded,90,0.7043842656403844,0.35335661146927116,0.38437040359922603,0.039127023045447164
74617,18,8023,boy,grounded,90,0.7617511730296266,0.4045701043210481,0.5159250304091141,0.06112625307302734
74617,27,3522,cket,grounded,90,0.7788506916779251,0.44735959624690325,0.5603072986057936,0.11595609817293083
74617,32,8287,ball,grounded,90,0.7653036591237209,0.3943312876462407,0.5209232939568159,0.09183221682166388
74617,41,8023,boy,grounded,90,0.8701043762631654,0.4784607627502655,0.707812392423554,0.09437871285575697
74617,63,26563,balls,grounded,90,0.8613982478659618,0.4454656955199239,0.6725439729485531,0.07937663194443634
74617,72,12544,boys,grounded,90,0.929519893318428,0.5187470170884888,0.8642166420190276,0.15277269380202477
74617,84,9737,ckets,grounded,90,0.9266668248833404,0.5202454349264283,0.8476403203101558,0.14167279218188805
74617,92,3522,cket,grounded,90,0.9458903895302953,0.5755426566564518,0.8984007277463393,0.2083531442515384
74617,97,8023,boy,grounded,90,0.9520924156158563,0.5782398303101873,0.9242541806531666,0.21909360540519301
74617,102,8287,ball,grounded,90,0.9448413245661679,0.5151096747937397,0.911013180209174,0.16428571609898135
74617,107,3522,cket,grounded,90,0.9582006753501608,0.6293560985170502,0.9356703068012605,0.239449716126973
209782,5,767,man,grounded,90,0.559109110210101,0.24904605820216547,0.2397648587198679,0.015967830572039356
209782,11,305,ch,grounded,90,0.7074166458972293,0.3777777042851844,0.45729879746862984,0.07369291439049949
209782,37,2022,person,grounded,90,0.7610362928007509,0.38219207502617947,0.4852366318376105,0.049810823169674015
209782,43,305,ch,grounded,90,0.821051917791851,0.4719940504313138,0.642141559120016,0.08675319671636016
209782,49,2022,person,grounded,90,0.8119348239162051,0.44003211756129973,0.5960859202681118,0.11721864499717267
209782,63,18647,cars,grounded,90,0.8064277703739503,0.4157345336698485,0.5648518039174899,0.08854701547050758
209782,72,1559,car,grounded,90,0.8783300665096103,0.5222277819954452,0.7193160122594058,0.14364111662132106
209782,90,1559,car,grounded,90,0.9418256031124197,0.6108794461663379,0.8705308764445727,0.2505258915809466
209782,96,23156,bag,grounded,90,0.8273598994672073,0.41938244971323824,0.6162295513412862,0.0776960327103429
209782,104,767,man,grounded,90,0.9159277732980318,0.5171907388878785,0.8230999218418985,0.1776528052452434
209782,109,305,ch,grounded,90,0.9413095765985217,0.5742882299899741,0.9003792062686058,0.21334420776300458
209782,114,280,le,grounded,90,0.8908948441475215,0.5340318993094957,0.7737255677233557,0.17833263716716394
438024,14,25462,boats,grounded,90,0.7223335241604407,0.3373434185750145,0.42794935305197807,0.03959767965596378
438024,26,25462,boats,grounded,90,0.8528183050395656,0.4694669607700358,0.6599914062788476,0.11959778488778071
438024,45,25462,boats,grounded,90,0.8639363444450292,0.46949913827182876,0.715754744648321,0.11995843465855868
438024,69,25462,boats,grounded,90,0.910282175020939,0.46532384301920465,0.7934305977384744,0.108876599489503
438024,76,7799,cles,grounded,90,0.9047133191363321,0.5590553670215035,0.803102064486456,0.16341288862393874
438024,100,2022,person,hallucinated,90,0.9073416090307271,0.47346049797643885,0.7806446564748313,0.10377826990163122
438024,124,25462,boats,grounded,90,0.9557862208043324,0.5331849864366164,0.9380979825217081,0.15436368996947536
320180,5,6114,woman,grounded,90,0.5554932292562049,0.2492245147806932,0.2379236567780082,0.017106543636532637
320180,9,6592,bed,hallucinated,90,0.6753018658709654,0.33874951565687794,0.37914339912314465,0.0538898746456524
320180,21,19022,laptop,grounded,90,0.7268535670573242,0.3757171305292261,0.4410046003097529,0.0736207522411009
320180,38,19022,laptop,grounded,90,0.8464290642236035,0.5126829662926591,0.6466339370930394,0.19676652268756645
320180,46,6114,woman,grounded,90,0.8580941584636643,0.4756301912079026,0.6668001073705179,0.11939392782296389
320180,59,2022,person,grounded,90,0.7990824509213809,0.4413372573807984,0.5821611483174247,0.07994351685993821
320180,75,11774,chair,hallucinated,90,0.8220419650955634,0.4278231398843157,0.6095255910465214,0.07791523283507402
320180,85,12006,clock,hallucinated,90,0.8644206795065096,0.44260440683844476,0.6830257259795629,0.10137524990592438
320180,93,6592,bed,hallucinated,90,0.9099654973313487,0.4501311360627222,0.80795760191322,0.08487808775545984
320180,101,3222,ouch,grounded,90,0.9022364549219036,0.5299440838256563,0.7855512751407011,0.14600548522826143
378096,5,767,man,grounded,90,0.5460894869031174,0.24224200678936536,0.23195328587601705,0.018642620447293392
378096,8,6114,woman,grounded,90,0.6635348487222248,0.32091730777188754,0.35236452287037157,0.04309479408503063
378096,15,1591,table,grounded,90,0.7191793078858555,0.3642817320827313,0.43284850069234065,0.05675085314155506
378096,27,767,man,grounded,90,0.7586331064929096,0.40831330247235925,0.5030500615293618,0.07412980552075529
378096,38,6114,woman,grounded,90,0.811680935805164,0.44389055704507413,0.596340111361016,0.09015671501631914
378096,63,1591,table,grounded,90,0.8349999900241184,0.4043787637165155,0.6060649586233715,0.07197670111959655
378096,69,12917,glass,grounded,90,0.7726379894173929,0.3538457498478446,0.5101031564305509,0.05574578933495369
378096,76,767,man,grounded,90,0.8876249807440074,0.45938773014562606,0.7466050085450614,0.09212576594035292
378096,82,6114,woman,grounded,90,0.9270647820959868,0.5151939451221461,0.8492304031065141,0.12800110356786992
378096,89,6926,akes,grounded,90,0.8932966380533393,0.5110000421030194,0.7446968609094904,0.13899325470483243
378096,93,1591,table,grounded,90,0.9293562236855266,0.5255746185503988,0.8604686734971654,0.1371012799531106
378096,100,6114,woman,grounded,90,0.9247625935017538,0.4937948005296925,0.8305322379378979,0.10831970654718276
378096,108,767,man,grounded,90,0.9213785513341697,0.5318221670924791,0.8237653280983686,0.136131705035003
378096,111,27350,fork,grounded,90,0.8970799347160158,0.4370129736800656,0.7615587576830396,0.09170922096676257
378096,118,1296,ake,grounded,90,0.9370215027695226,0.5570415894106434,0.8629908640826942,0.21142764050406296
378096,123,6114,woman,grounded,90,0.9389283430257779,0.5454381494109959,0.878629370435681,0.14896741494567048
356424,5,767,man,grounded,90,0.5794670362172297,0.2656581668632354,0.24511323450843348,0.018985462102281667
356424,11,1591,table,grounded,90,0.6954289170474326,0.3566790829906145,0.3746860520399427,0.04928970405940892
356424,40,1591,table,grounded,90,0.7863817875552966,0.40007308039054756,0.5165860307471963,0.0667570979127771
356424,54,18002,cup,grounded,90,0.7542628130829558,0.4089640975347225,0.5255260969400896,0.08693889699763006
356424,71,2305,people,grounded,90,0.8403977393188455,0.4475324957409536,0.6031699938160534,0.0932287326964644
356424,78,2022,person,grounded,90,0.8532186512287426,0.4835904274126106,0.6678556745231835,0.11776755647259472
356424,83,767,man,grounded,90,0.8920673884647947,0.479551409351472,0.7626424860521914,0.0959157509775577
356424,86,2022,person,grounded,90,0.89111974026044,0.5569940882883914,0.7531234421481358,0.18150032671697403
356424,92,11774,chair,grounded,90,0.8535463789443845,0.4174638323038699,0.6341422302494846,0.06663402501636011
356424,97,1591,table,grounded,90,0.9094413074332521,0.47897778198238034,0.805686205095458,0.11221174257152708
356424,101,1559,car,grounded,90,0.7834778188144024,0.38619118548264814,0.5376984785165349,0.07610012868696507
356424,116,8024,plant,hallucinated,90,0.914106251693565,0.5366602623238365,0.8016378796368597,0.1515321854865898
356424,119,12006,clock,hallucinated,90,0.8881440465444987,0.47347978035756383,0.7320456735480018,0.10979718402336108
206218,13,19022,laptop,grounded,90,0.6916666429003367,0.35285430868374335,0.3727466097519442,0.05622040462677578
206218,22,19022,laptop,grounded,90,0.8250427486808504,0.4974383293928827,0.6030746788411846,0.17997315796121163
206218,72,1591,table,grounded,90,0.7828502668269228,0.44312246351985396,0.5933142449402274,0.09344796692661134
206218,75,11774,chair,hallucinated,90,0.8965481016435777,0.5049583040759212,0.752178613321969,0.1426361473433868
206218,86,4058,pack,hallucinated,90,0.7804265649459308,0.35385776024959686,0.488770725057257,0.04759853807754041
206218,93,1591,table,grounded,90,0.9362132589111675,0.5474831395010258,0.8784183229623829,0.1733892383492584
206218,101,2022,person,hallucinated,90,0.8833593915555078,0.46624708129446396,0.7118392491352141,0.08673472565260763
225225,5,7945,train,grounded,90,0.5563651444164601,0.2377982546075819,0.24927871925283082,0.01872304405807905
225225,9,22983,trains,grounded,90,0.7010791206173618,0.3561283069267103,0.41544021160762995,0.04333547100092163
225225,20,22983,trains,grounded,90,0.8209141764306358,0.4684013849673599,0.6207042202700979,0.11283277485879438
225225,38,22983,trains,grounded,90,0.8556937841560369,0.4976229324181716,0.6955653760367007,0.16008897010584594
225225,49,7945,train,grounded,90,0.8697444263142643,0.5346543822233434,0.7035070488806525,0.17560742883900624
225225,61,7945,train,grounded,90,0.9236340227729102,0.606624690241066,0.8313192717076875,0.2333261933345471
225225,73,2305,people,grounded,90,0.8683371844715778,0.44245590715521144,0.649367453486214,0.09400873654469372
225225,83,22983,trains,grounded,90,0.9148512296187278,0.45499441477117714,0.8117507654419893,0.08467312718339001
225225,93,305,ch,hallucinated,90,0.9388019425580552,0.533835030956781,0.873535974374873,0.15644772145811695
225225,108,28134,passengers,grounded,90,0.9327193067056669,0.411159328157529,0.8702586323210658,0.07085758300750762
7281,15,767,man,grounded,90,0.6033583948380732,0.282501380689173,0.28731000091137227,0.02164919774859426
7281,20,10435,horse,grounded,90,0.7074720919041592,0.3499176795624188,0.41977878715606826,0.04192251022846647
7281,23,767,man,grounded,90,0.7450030079225373,0.41505486500783306,0.5295542745749423,0.08456403677707519
7281,32,767,man,grounded,90,0.879425104723098,0.4776234299866334,0.6990662282656801,0.13309080854375427
7281,35,10435,horse,grounded,90,0.8693874297140124,0.49881210275089427,0.713422013962152,0.13328215590601436
7281,53,1241,ider,grounded,90,0.9042413751268831,0.5891162412382982,0.7890022647621505,0.21307476741541934
7281,69,2305,people,grounded,90,0.878792831782579,0.47016205576865233,0.7269178720816876,0.10709584808548454
7281,97,17952,birds,hallucinated,90,0.8990141816876392,0.44781717697807016,0.7426282569246859,0.0841934337194354
525211,5,2022,person,grounded,90,0.5933059080461189,0.2605111157763799,0.2542016732484034,0.020677888366449952
525211,14,8842,uts,grounded,90,0.7303301530302112,0.3685693214460712,0.43238716677736283,0.06913899340911955
525211,40,8842,uts,grounded,90,0.8501523281560106,0.4907779921186947,0.6463538935663864,0.12908497910593478
525211,49,21305,nut,grounded,90,0.8367102733392597,0.48967289403706665,0.6313196062463136,0.11856620671958971
525211,60,21305,nut,grounded,90,0.8834079687291815,0.5533434010325112,0.7286189991464842,0.17306347609773928
525211,71,21305,nut,grounded,90,0.904148927682251,0.5618345697666748,0.7776999868103963,0.17080941625956608
525211,80,2022,person,grounded,90,0.8524848475710948,0.4776419193051832,0.693784612880805,0.10426642984693239
525211,85,6150,oon,hallucinated,90,0.8306142923927488,0.4241812461100887,0.6016316743703134,0.07933845820167491
525211,97,8842,uts,grounded,90,0.910176028621388,0.5519642740374133,0.8161279988410706,0.19718959346435017
525211,103,12580,bow,hallucinated,90,0.81097862218854,0.33634660796822236,0.5599112374236008,0.039169410308580406
308555,24,9852,vens,grounded,90,0.7234915546039193,0.3985531522140197,0.43477380656013276,0.08007070765571606
308555,50,9852,vens,grounded,90,0.8281162419952578,0.5141985350919336,0.6096292531161793,0.12942299352162717
308555,57,294,as,grounded,90,0.7773486754400959,0.46784101812261003,0.5169057433980477,0.09957436954538065
308555,84,9852,vens,grounded,90,0.8842407759875031,0.5112664381329116,0.7134621112991076,0.12731225576371855
308555,92,1061,ator,hallucinated,90,0.902553015291415,0.6034727591224736,0.7666116303496365,0.19303028162496427
308555,103,2022,person,hallucinated,90,0.8203440759040689,0.42057813728806975,0.5387010187027989,0.07416612312961035
308555,122,294,as,grounded,90,0.9285522050800594,0.5738342122794664,0.8507686588408526,0.16921476606335553
85543,12,8842,uts,grounded,90,0.6688845623677324,0.2959966963232037,0.34339246118773875,0.028426496016614664
85543,27,8842,uts,grounded,90,0.821473215328205,0.47162358690439543,0.5860940987518084,0.11752693203265657
85543,47,8842,uts,grounded,90,0.8697095249016785,0.5071160177612936,0.6942259206257633,0.1587162745653869
85543,80,8842,uts,grounded,90,0.8908802986290649,0.5449390232258344,0.7487242005459305,0.18829499682433753
85543,91,2305,people,hallucinated,90,0.8097338538643344,0.3052208821023029,0.4714891382355316,0.04203439266512516
12192,6,8023,boy,grounded,90,0.5902867244378832,0.28166577069959353,0.2792007661938827,0.03318884811666396
12192,16,3522,cket,grounded,90,0.7659705155942255,0.40260659865961895,0.5193903929383233,0.08285145744835123
12192,20,8287,ball,grounded,90,0.8260881597519277,0.4339192495360171,0.6084557940375627,0.09297988162376705
12192,54,2305,people,grounded,90,0.8771282198648669,0.4819636261140718,0.6876351216700844,0.11666867000734604
12192,84,8023,boy,grounded,90,0.931719555550838,0.5953812621665514,0.8705696628433368,0.22356212170495687
482951,6,7826,girl,grounded,90,0.630502834402544,0.28753716540891394,0.3185910722252156,0.0314700731939718
482951,23,568,ite,grounded,90,0.7760536150956192,0.39385241797664006,0.5389066663742899,0.07771346784073536
482951,44,568,ite,grounded,90,0.9151292351336731,0.5537340167554691,0.8172203525172546,0.19771409445662833
482951,47,7826,girl,grounded,90,0.8837787015706711,0.4957600355553522,0.7567751099382938,0.12770403955509704
482951,75,18647,cars,grounded,90,0.8532816086404682,0.4347538591925511,0.6662850277185385,0.10290520674327613
482951,92,2305,people,grounded,90,0.9626049565797605,0.46299571534040757,0.9645910635164526,0.1084141461547928
27982,13,29873,t,grounded,90,0.7286997381303195,0.405802267749208,0.4680665034168397,0.0795919939334851
27982,19,28169,sink,grounded,90,0.7380789362651899,0.40557008110030907,0.5035350190509238,0.0813174292900156
27982,24,29873,t,grounded,90,0.8084289368220068,0.4851794293728877,0.5957933701960924,0.15290756821158152
27982,38,28169,sink,grounded,90,0.8408911443152699,0.4855212228983635,0.6498811387248709,0.12149280969145113
27982,47,28169,sink,grounded,90,0.8128259085603489,0.47482317651487804,0.6364985903636787,0.13815114853302055
27982,64,29873,t,grounded,90,0.8660497583067793,0.4882556748240895,0.6894209152588051,0.11800863039607858
27982,66,28169,sink,grounded,90,0.9131881703309366,0.5243025379107548,0.7962203052744599,0.1654808769478901
27982,72,793,les,hallucinated,90,0.889671517722419,0.5332936834336152,0.7363390250679371,0.14167082724596633
27982,83,793,les,hallucinated,90,0.9396219789519266,0.5981110478670084,0.8745621672701137,0.2294796935749715
27982,88,28169,sink,grounded,90,0.9297767523222599,0.5314524478275481,0.8635082770831448,0.14204896949632673
27982,99,29873,t,grounded,90,0.9322417495397021,0.5309877218162045,0.8551483500231956,0.15273077360333182
27982,109,8024,plant,hallucinated,90,0.8998722955627717,0.5369325701020711,0.7650701244072553,0.13510190808790273
27982,116,28169,sink,grounded,90,0.9131817875992547,0.5247034522521561,0.8228644383992697,0.14772889023343463
51028,8,6601,computer,grounded,90,0.5748570266911855,0.25946371450251904,0.2720761664961498,0.029428807099714016
51028,10,29895,k,hallucinated,90,0.7325619770379046,0.39489177813371606,0.4796486118720902,0.0797714625613318
51028,14,6601,computer,grounded,90,0.7037995982220497,0.3579782512057635,0.46522306765785654,0.06526736351261961
51028,15,11819,monitor,grounded,90,0.7890678007394812,0.46274685760717127,0.5829688187147721,0.12955232156607582
51028,23,7121,airs,grounded,90,0.7929395235125946,0.41708786352959293,0.5796633646945807,0.08475544904433573
51028,30,29895,k,hallucinated,90,0.8943265585235909,0.4918209801079434,0.7654544322976095,0.13680481031993008
51028,46,12247,keyboard,grounded,90,0.7996331681207605,0.3828954203872243,0.5582964906445816,0.06217033274782142
51028,49,9495,mouse,grounded,90,0.8947647903159515,0.4638285882977938,0.7376934017603506,0.12307658429112911
51028,56,29895,k,hallucinated,90,0.9262225613428792,0.5447013511141199,0.8435743684093008,0.17356153368694763
51028,66,6601,computer,grounded,90,0.87913313239381,0.401510214267698,0.69648299827246,0.08216550143198657
51028,75,6601,computer,grounded,90,0.8809951091571405,0.4875981768276406,0.7263362781639487,0.13449977898655785
51028,106,5648,TV,grounded,90,0.7938261431717134,0.43144115377465464,0.5810700773963586,0.07781733663548479
51028,122,29895,k,hallucinated,90,0.9400824342313574,0.5407677964594999,0.8947831253922045,0.16796864341392934
414236,7,1591,table,grounded,90,0.6562561097685916,0.30011038012379637,0.32811733262981135,0.031572194052737805
414236,11,16416,wich,grounded,90,0.6374943997908555,0.3214139261534882,0.33456607003266475,0.04616021354482971
414236,14,18002,cup,grounded,90,0.6596623456407259,0.34694458516991494,0.390684508733936,0.05930799314191385
414236,25,16416,wich,grounded,90,0.8018357744648494,0.4336124429602579,0.5754892792587766,0.11199042227956046
414236,42,16416,wich,grounded,90,0.852663343771174,0.5342176181579983,0.7187534009252031,0.17304624160873155
414236,45,18002,cup,grounded,90,0.8090102001826784,0.45489772200165274,0.5843600795946892,0.12273489652190332
414236,55,16416,wich,grounded,90,0.9069027322938427,0.542243612798959,0.7853517630143038,0.20003994653324741
414236,80,9008,phone,grounded,90,0.8157694362205459,0.4784993948409894,0.628976303538884,0.13672012545921866
414236,84,1591,table,grounded,90,0.9087390403727641,0.5130962966007263,0.7882108847788021,0.1356110510181447
414236,93,16416,wich,grounded,90,0.935444045603532,0.5471383594211333,0.8688993816707643,0.17312836860267924
495578,6,767,man,grounded,90,0.5946601730331934,0.25909640338155504,0.2623754263264209,0.017661560792807694
495578,20,3522,cket,grounded,90,0.7608627937390992,0.4026786929220624,0.5137226053021741,0.0893567968141618
495578,41,3522,cket,grounded,90,0.7915126678295672,0.4274392241022445,0.5857546357320735,0.08452135739822156
495578,51,8287,ball,grounded,90,0.8246431653970646,0.3972174626015349,0.572074303218022,0.08132006224873298
495578,60,767,man,grounded,90,0.8967568841169336,0.43559479425557246,0.7612997090958651,0.07797014263648294
495578,64,3522,cket,grounded,90,0.9271713152426639,0.5045213684709003,0.8506976938605919,0.1409757991147419
495578,75,11774,chair,grounded,90,0.7898761310439674,0.4357490412740227,0.5872426017992206,0.1008604623569493
495578,84,10769,players,grounded,90,0.895122973372037,0.4052258211056224,0.7532294412168462,0.07297379293525177
495578,91,2022,person,grounded,90,0.8686659181462328,0.47787930588597793,0.71877545280758,0.1054856019983313
109005,12,1934,ants,grounded,90,0.7262020334792363,0.36652247914556396,0.48599672376592246,0.06195939910985729
109005,20,424,ant,grounded,90,0.8175419644993389,0.4550561877099865,0.6330600403574386,0.10778435998463211
109005,49,1934,ants,grounded,90,0.8600556873481315,0.47617491272863,0.6959920787030753,0.12890491445864607
109005,76,1934,ants,grounded,90,0.8796624635941027,0.4429825299683616,0.7124309176172418,0.10566494672981575
542423,5,6114,woman,grounded,90,0.5865283624635579,0.25994367565654586,0.2590965526668219,0.02191576513673162
542423,12,305,ch,grounded,90,0.7433447158339175,0.40129543663848705,0.5053078368539423,0.08147697403606628
542423,41,305,ch,grounded,90,0.844025053610512,0.46110770368083703,0.6704259029662724,0.10932182723851097
542423,54,6114,woman,grounded,90,0.9350016890934147,0.5534790600045235,0.86911887348904,0.19438306449294968
542423,83,18647,cars,grounded,90,0.8525221684698854,0.4354596637750541,0.6639743205520797,0.08656575092133635
542423,107,2305,people,grounded,90,0.9255688207329055,0.5369816777064681,0.8387041301237854,0.14353535556183825
540642,32,1061,ator,grounded,90,0.7512198228398385,0.4415247967376769,0.550279366625886,0.10063055996420077
540642,35,28169,sink,grounded,90,0.762381494298529,0.4001525013432125,0.5362710109623736,0.07622947389532365
540642,40,854,ven,grounded,90,0.8145716438522325,0.4702665383283918,0.6027651401516587,0.12860970196339244
540642,46,1061,ator,grounded,90,0.8075427975527442,0.5068877408144579,0.6080098356431215,0.16053022251479618
540642,59,28169,sink,grounded,90,0.8687656566724817,0.499512665916637,0.6779646661763008,0.1213166887585516
540642,69,854,ven,grounded,90,0.8933043687915022,0.5152977861407463,0.7257354938361328,0.13787276043117794
78194,6,2278,child,grounded,90,0.6058896617675629,0.2831006922075467,0.2937779765600121,0.03419951033491923
78194,11,3222,ouch,grounded,90,0.6934044125318385,0.3278176955914697,0.39516949831008646,0.04248110592568914
78194,18,1878,ush,grounded,90,0.7295189185074561,0.40041395748935177,0.4776858446919493,0.07586176951086182
78194,24,2278,child,grounded,90,0.8219466460751859,0.45216364325064673,0.5928807016438248,0.09249926746807283
78194,38,6592,bed,hallucinated,90,0.7816766190527389,0.34390255295523586,0.4585552801463998,0.02676360624304077
78194,44,3222,ouch,grounded,90,0.8405304751577123,0.43070418375254005,0.6332229724512481,0.10460295292102124
78194,59,2278,child,grounded,90,0.8999025632108156,0.4599324216357836,0.7759182380695667,0.09886136991937872
78194,86,4344,children,grounded,90,0.9012984271070432,0.4462534749939283,0.7628235178831878,0.08181923328539208
397101,5,6114,woman,grounded,90,0.6192104362509921,0.2685361570745868,0.2874718807744869,0.02172381089545372
397101,16,3522,cket,grounded,90,0.7464069722577785,0.39863278110478845,0.5161295893885536,0.08607419131274228
397101,23,8287,ball,grounded,90,0.8015365088999368,0.39503422868863236,0.5800618318495145,0.08440365956200796
397101,41,8287,ball,grounded,90,0.8164253813499203,0.4192427016288064,0.5552221316957742,0.07361444745697074
397101,47,6114,woman,grounded,90,0.8617051510607363,0.45148844546113726,0.6941847196725164,0.1047743293948158
397101,84,6114,woman,grounded,90,0.9050259614022043,0.5216670472423277,0.8051141261970912,0.13956617489394213
397101,96,3522,cket,grounded,90,0.9099594700304781,0.552058480801728,0.8188643869479417,0.18042326673931525
397101,106,8287,ball,grounded,90,0.948415621932047,0.5677900235935518,0.9048268566431598,0.206877491118757
532503,5,2305,people,grounded,90,0.5919530092406303,0.2612413969199618,0.2799230618261101,0.02329194079303603
532503,15,2022,person,grounded,90,0.7302569774522283,0.3858776153687649,0.4533884973411619,0.052229080458251205
532503,48,2022,person,grounded,90,0.8354888686934531,0.4724695856287543,0.6143967450706239,0.11703378428581891
532503,56,23156,bag,grounded,90,0.8197264545738591,0.44885772013509023,0.6017278561230103,0.09489394811554175
532503,60,2022,person,grounded,90,0.9037815455152021,0.5004766093291892,0.7700379379122914,0.12489688081419595
532503,68,9008,phone,grounded,90,0.7970495072717034,0.45407161698093834,0.5957422603960434,0.10377992510556044
189775,13,767,man,grounded,90,0.6765926685662366,0.3467475802043072,0.34295739451481955,0.028057274526423495
189775,33,3522,cket,grounded,90,0.7633874102343765,0.4225109433953868,0.5382421836565396,0.10458887473246906
189775,40,8287,ball,grounded,90,0.7979709327169922,0.4075240997599289,0.5301775035755204,0.09431941227309261
189775,55,2305,people,grounded,90,0.8326683016991584,0.453468397154324,0.5987786590583697,0.08357882291863354
189775,76,7121,airs,grounded,90,0.8192323613177458,0.42773217251921947,0.5610089926627642,0.07274728921600636
189775,85,10769,players,grounded,90,0.911039546057164,0.4910797630049062,0.800875531948941,0.11448358304210147
189775,98,7121,airs,grounded,90,0.9129176761670152,0.589849613059695,0.8284331882875825,0.21805544435262866
189775,124,2305,people,grounded,90,0.9021851871277722,0.5616433777599067,0.7775397441017816,0.19544966446379222
480551,12,24990,izza,grounded,90,0.6892907217683545,0.35979014708171153,0.3812913173949194,0.06577986247931498
480551,18,24990,izza,grounded,90,0.7645496528577297,0.430811731709373,0.5321337064511615,0.10871483408590926
480551,42,1591,table,grounded,90,0.8144551426163033,0.42005641280145223,0.5896304314197135,0.0766429187282237
480551,47,24990,izza,grounded,90,0.8596345202595452,0.5102828771455935,0.6969721949093547,0.16831766806840737
480551,99,24990,izza,grounded,90,0.913088781245211,0.5564068257852682,0.8056965961480982,0.18978602199313438
381213,9,3417,ras,grounded,90,0.6367531753159464,0.3085165640485165,0.3301850075999754,0.03585426223674634
381213,27,3417,ras,grounded,90,0.8418276244401287,0.4890941863135629,0.6411154636020687,0.14418127943241713
381213,49,3417,ras,grounded,90,0.8626267150913287,0.48819265642357773,0.690022278365557,0.14652398900988597
381213,77,3417,ras,grounded,90,0.8642509830044095,0.46667362737017926,0.6786161196492964,0.1191266455334531
381213,82,17952,birds,hallucinated,90,0.8197467441651756,0.43312659214896687,0.5785865395676317,0.07429001658947779
381213,104,17952,birds,hallucinated,90,0.9305069741392427,0.5773274965516011,0.8396186951135236,0.2143334059461476
381213,113,3417,ras,grounded,90,0.9119212131338073,0.5268115339124634,0.8040513227738231,0.16480334501056867
458073,15,29895,k,grounded,90,0.7100542547205986,0.3818505827482773,0.4582806736442642,0.07120556728954419
458073,18,11774,chair,grounded,90,0.8004627227098297,0.43103084664129104,0.5581515670362397,0.09156902691102538
458073,22,29895,k,grounded,90,0.7822624306102719,0.4399570844752975,0.5720434133211312,0.10101456404936125
458073,31,12006,clock,grounded,90,0.7449799096291893,0.40629736320104864,0.5236005278632451,0.07894281651496438
458073,38,3143,book,grounded,90,0.8000042601773458,0.4098423925132083,0.574173298521693,0.09104369228229098
458073,45,7121,airs,grounded,90,0.8868818172171253,0.46432819144593573,0.7363329045265262,0.10290627743041528
458073,54,29895,k,grounded,90,0.9274737763697142,0.5036164566833984,0.8451292213258615,0.12812496568022388
458073,68,29895,k,grounded,90,0.9026982122354359,0.49789219444451255,0.7702565253504803,0.1405693016584938
458073,73,5648,TV,hallucinated,90,0.8184412938866161,0.4524142145577922,0.6114132926356659,0.08276504207593324
458073,87,1061,ator,hallucinated,90,0.923092133334921,0.5676603635989543,0.8361387738826835,0.18425989721628006
458073,98,8024,plant,hallucinated,90,0.8945843764007663,0.49910000490460654,0.7543255754545211,0.12092229152234046
489743,8,6635,cat,grounded,90,0.6327780952576126,0.3038799429400872,0.3038116688791567,0.03914568556088719
489743,13,3222,ouch,grounded,90,0.7153766355378066,0.35249093933449405,0.4359964348144263,0.05422010152818988
489743,23,6635,cat,grounded,90,0.8131077591090149,0.45428913294064444,0.5940896130857963,0.10339521817500064
489743,33,3222,ouch,grounded,90,0.8551466967622399,0.44686329211834863,0.6428803642576576,0.0789584752950849
489743,51,6635,cat,grounded,90,0.8393654103886664,0.47349858038641834,0.6671924853357833,0.11607254809535454
489743,71,6635,cat,grounded,90,0.8824261137584168,0.46864057713971186,0.709076273658935,0.11960819394701624
489743,87,11460,bear,grounded,90,0.9011418548028838,0.5321862802773742,0.7644253345672122,0.13896306376126105
489743,92,6635,cat,grounded,90,0.9252075222395818,0.539095676782064,0.8396282529780952,0.15220000110267315
489743,100,3222,ouch,grounded,90,0.9122662327031414,0.46214992227468693,0.7975773248957159,0.08316399017516715
105552,8,22116,plane,grounded,90,0.6448556542426601,0.3076016743236113,0.3482092838892338,0.041894658280219356
105552,23,22116,plane,grounded,90,0.7867929090245408,0.4232120281987867,0.5674283962484746,0.09019342116036068
105552,48,22116,plane,grounded,90,0.807157564691789,0.4410341185261102,0.5803014462900257,0.07707244181419146
105552,70,2305,people,grounded,90,0.8546171281461827,0.4328249038096328,0.6408429967232361,0.0811529903077141
105552,75,22116,plane,grounded,90,0.9020791795404097,0.4807776764890827,0.7622496733173955,0.10362932894350943
105552,109,22116,plane,grounded,90,0.9386481297042247,0.5029828620979035,0.8781108785208417,0.12668404084912202
105552,126,28134,passengers,grounded,90,0.9317312668711839,0.5220237183325958,0.8785044253808685,0.16398344904549714
338905,9,2305,people,grounded,90,0.5710022296325601,0.2534120180656254,0.23935400164577064,0.02832532635279258
338905,15,1591,table,grounded,90,0.6712251708412025,0.3466761494032573,0.3678177329233938,0.0507147472236356
338905,29,2305,people,grounded,90,0.8431950047184891,0.44354713975053056,0.6020867743102982,0.11430849175974028
338905,39,7121,airs,grounded,90,0.8428270897003589,0.4591420490203367,0.6411642537864478,0.10089733765400624
338905,45,1591,table,grounded,90,0.8557727215375348,0.4274736655680188,0.6511587313054061,0.07534750004931069
338905,48,1591,table,grounded,90,0.821303257139946,0.44066177755179187,0.5812236393784586,0.08628065073454029
338905,58,16416,wich,grounded,90,0.7291581219352203,0.30682937331656945,0.4293592920393362,0.03540070454329484
338905,61,12580,bow,hallucinated,90,0.7782350619420461,0.2848859381513567,0.4683328388294001,0.021534660694175704
338905,66,567,ps,grounded,90,0.8941188489243481,0.5477531508959205,0.7548260155985707,0.18295747867875206
338905,80,7121,airs,grounded,90,0.9003073097231169,0.5286904438045801,0.7849341173502324,0.15139521506569237
338905,89,1591,table,grounded,90,0.9265271130575677,0.5190159740207767,0.8443788796090893,0.13512656740355178
338905,106,294,as,grounded,90,0.8393132649140663,0.5285304495085775,0.6812632607618039,0.15206848146155227
338905,120,23090,cycle,grounded,90,0.8113344114385506,0.441727497528038,0.5857269611835417,0.10127225074274718
369082,26,994,ove,grounded,90,0.6881830849016157,0.3320757270122949,0.40017581003231223,0.044388663872915464
369082,29,854,ven,grounded,90,0.7618902980034371,0.4203072914577592,0.53453191723235,0.07385455982152919
369082,34,1351,ave,hallucinated,90,0.7941872901288646,0.44781636420109416,0.5595175071450975,0.10572023581196052
369082,38,28169,sink,hallucinated,90,0.8158510023425288,0.4442619524928844,0.5733136448100749,0.0871841624701783
369082,46,1061,ator,hallucinated,90,0.8093939088887367,0.5022483419704696,0.6111022004903285,0.1370513751562317
369082,59,1591,table,hallucinated,90,0.8155004981318134,0.43728178009337604,0.5415233272662514,0.07952475418770567
369082,69,11774,chair,hallucinated,90,0.8936666299323869,0.49819173507459735,0.7264505854626895,0.14366321983946642
369082,88,12580,bow,hallucinated,90,0.701018448065458,0.2759122098744456,0.3720575280234353,0.028142016646423088
369082,92,18002,cup,hallucinated,90,0.8446948998135112,0.41666740699088695,0.6257841707549908,0.07778534846511445
369082,96,6150,oon,grounded,90,0.850678916790222,0.4004301881005382,0.6058417489399581,0.07712411135732397
369082,101,280,le,hallucinated,90,0.9345104440174687,0.5981593217271459,0.8481067103012011,0.22436036966575076
369082,105,559,ase,hallucinated,90,0.8460679329082873,0.46609455026496477,0.6554175408350639,0.08913230845116775
324155,12,767,man,grounded,90,0.623136482867175,0.30107386672331954,0.3116218232285866,0.02710789297100035
324155,17,3377,board,grounded,90,0.6628944140358659,0.2920292226556373,0.3164629803417104,0.024623743991971557
324155,27,2305,people,grounded,90,0.8113054296525161,0.4206919932580211,0.5599157267599553,0.06571692610228366
324155,32,3377,board,grounded,90,0.8196047723938004,0.45268313472713617,0.5745975904775751,0.09907384426235069
324155,46,3377,board,grounded,90,0.8518854199447903,0.49746065621902585,0.6659660332952387,0.13019073442318027
324155,60,2305,people,grounded,90,0.9061388032266179,0.5338318831305952,0.7752012924623931,0.15552662157473335
324155,85,2841,cle,hallucinated,90,0.9020660226964122,0.5245922678343651,0.7675727710685885,0.14829559537577214
324155,96,23156,bag,hallucinated,90,0.9043964974629718,0.48848447453291194,0.7805172015178573,0.12784073799190268
462643,5,2022,person,grounded,90,0.5879309854530844,0.24479253003337034,0.2735201053226801,0.01894065120486859
462643,9,9008,phone,grounded,90,0.6558281328720024,0.31406086028479546,0.364680168324328,0.049094165199614154
462643,19,9008,phone,grounded,90,0.7844953241431247,0.44082354787052724,0.5206232761411894,0.11024366552055971
462643,27,9008,phone,grounded,90,0.8310304386817418,0.5031424195078966,0.6389983198924003,0.15639765161784358
462643,45,2022,person,grounded,90,0.8385577017065695,0.4514537692366748,0.6497181836824018,0.09067371020500883
462643,49,9008,phone,grounded,90,0.8408742842378398,0.4703012002773617,0.6568223445834721,0.12982441430984035
462643,67,9008,phone,grounded,90,0.8998288913320844,0.5337812931885041,0.7727940190403876,0.1705144122900163
462643,76,2022,person,grounded,90,0.8974911069174372,0.5253722678790976,0.7956360064097486,0.14304498649433042
416335,5,767,man,grounded,90,0.5942624709728916,0.2600525548265205,0.264913275981862,0.017159153019519233
416335,9,1591,table,grounded,90,0.6517015290932294,0.3154314481970486,0.36315718918429807,0.04546979799276949
416335,17,294,as,grounded,90,0.7262729490506792,0.4001917617413968,0.4767950181466699,0.0920418838487138
416335,20,1591,table,grounded,90,0.8234358035832182,0.47060966232091395,0.5799058373227937,0.12945846115584161
416335,27,294,as,grounded,90,0.824416456250705,0.5012998718129995,0.632357524421849,0.15338427700060514
416335,37,767,man,grounded,90,0.8417205123969874,0.468140268608458,0.6481396944233374,0.10706475049464156
416335,56,294,as,grounded,90,0.8991528818452136,0.5555234618820482,0.7622726632918958,0.19679023483656938
416335,60,1591,table,grounded,90,0.9040432066075217,0.49100313004792207,0.8081009621627641,0.13512672319928834
416335,68,767,man,grounded,90,0.9099346205059444,0.4856119726480511,0.8102170563636623,0.10597127010548096
416335,82,294,as,grounded,90,0.9197461451832234,0.5152924882930989,0.8265565636526723,0.16057809765672865
416335,90,16416,wich,hallucinated,90,0.7957811418826573,0.36031182224669234,0.5097842702899122,0.05830234765642835
416335,94,1591,table,grounded,90,0.9471018505680806,0.564976555185463,0.9168196264095325,0.16582390126740945
416335,122,2305,people,grounded,90,0.909031760173599,0.5464621012860248,0.8066219223959398,0.1647693509588979
416335,125,1591,table,grounded,90,0.9200721916382804,0.5296108914727664,0.845628797341363,0.14384510362501512
41633,10,2707,uck,grounded,90,0.6560589596639452,0.3350375661451989,0.36280264590139666,0.04940797084268409
41633,25,2707,uck,grounded,90,0.8307829657966557,0.47377496313768663,0.6216977477159001,0.12811744937157146
41633,43,786,up,grounded,90,0.8352404565172744,0.42624407234250156,0.6252898454635731,0.09836701657978983
41633,45,2707,uck,grounded,90,0.8618003494939805,0.5484354480634042,0.6827074435299854,0.15668697825166472
41633,49,2707,uck,grounded,90,0.8596124734333223,0.4905675868390775,0.6949346417564928,0.14825958374895318
41633,62,1559,car,grounded,90,0.8151192030771978,0.42569221497315557,0.5929856908973389,0.0676564322221139
41633,75,2707,uck,grounded,90,0.9154829003224824,0.4935507969215165,0.8066820430095043,0.13226142619778472
41633,80,2305,people,hallucinated,90,0.9019779085285085,0.4805977323419252,0.7500558673214681,0.11293904832057386
41633,86,2022,person,hallucinated,90,0.9362873036439399,0.504272690811126,0.8647104582408982,0.14710789420239714
41633,92,2707,uck,grounded,90,0.9311096093802347,0.5069703019784098,0.8643339326915983,0.1404381418761193
41633,97,2022,person,hallucinated,90,0.9644511770820939,0.5661575679164563,0.9550337475414648,0.1782734082328618
41633,106,1559,car,grounded,90,0.9417695967642299,0.5551631923603785,0.8897368473655454,0.15421363054623774
156372,5,13006,boat,grounded,90,0.5893229269384883,0.26347158152104333,0.2724714727269678,0.02520525445678555
156372,9,11774,chair,grounded,90,0.675207092546188,0.36316943103360216,0.4066293013600864,0.06735514084569051
156372,13,4058,pack,grounded,90,0.7698724706285961,0.4182493211055423,0.538452643197809,0.10288076908282255
156372,19,11774,chair,grounded,90,0.8324052259945997,0.463971419391658,0.640332192642929,0.13964890361177648
156372,28,13006,boat,grounded,90,0.8133604559133046,0.3411244409685793,0.5487858357398853,0.030094087104092768
156372,33,4058,pack,grounded,90,0.8751003894577736,0.5121297988758543,0.7206243445170568,0.12898412338627605
156372,38,11774,chair,grounded,90,0.9019715938960823,0.4874066621491702,0.7687626087955258,0.1252997351452899
156372,41,13006,boat,grounded,90,0.8474834529909396,0.45732518404652284,0.6405455807667658,0.09380169049229045
156372,74,13006,boat,grounded,90,0.8897360618427272,0.4540024135568013,0.7414734487201622,0.08520696867833161
156372,102,13006,boat,grounded,90,0.9249132278532651,0.5407546155634647,0.8450234940679897,0.15342332971790779
134133,7,2305,people,grounded,90,0.593737688741727,0.28195394378084065,0.25579049061917297,0.024851275440883027
134133,24,2305,people,grounded,90,0.8076628283593176,0.4686693802871535,0.5510411566109308,0.12886980237525847
134133,62,12580,bow,hallucinated,90,0.6616746567821548,0.28566188441946333,0.3409030371083824,0.029724754012684665
134133,73,1296,ake,grounded,90,0.7471567717466322,0.40254140823963697,0.485212226331454,0.07270127778892822
134133,81,16416,wich,hallucinated,90,0.823899308251765,0.37389413288284196,0.5768847104494405,0.047238148099885434
134133,94,793,les,hallucinated,90,0.8675915116455076,0.5180674834056199,0.6921965549973965,0.13041542848924836
134133,98,4058,pack,grounded,90,0.8546182831872852,0.4794375429010297,0.6606534593855922,0.10414137796989556
134133,109,2305,people,grounded,90,0.9330054049930766,0.506258480926727,0.8636046452847607,0.13942043989974165
134133,127,793,les,hallucinated,90,0.9379092656239469,0.6243765407584622,0.8725122497048504,0.2411899590853593
223554,8,16708,icans,grounded,90,0.6424986264408162,0.2698559940774104,0.3190784856911154,0.026100754230697683
223554,32,2185,ican,grounded,90,0.8585366676636871,0.5001321966400616,0.6740032734798589,0.12997672304005264
223554,57,17952,birds,grounded,90,0.8005071595039047,0.4330783777402232,0.5937668235647997,0.08838298199588218
223554,72,16708,icans,grounded,90,0.9162251390285896,0.56556693925157,0.8180636161893757,0.20605844854650068
223554,78,17952,birds,grounded,90,0.8963438733580619,0.5256198654132062,0.7746327622907286,0.14533854744565897
223554,97,17952,birds,grounded,90,0.925446038579054,0.5558102423415914,0.8378009517918071,0.18850847816590124
223554,103,16708,icans,grounded,90,0.9501075941245588,0.5666014162320833,0.9161957507242016,0.19481212761374964
101636,6,1559,car,grounded,90,0.5791768748874001,0.2791092123164673,0.30680123001983817,0.036237438225865996
101636,11,2841,cle,grounded,90,0.6591628425471971,0.34819236329116005,0.3796404830599536,0.05930098301279081
101636,24,1559,car,grounded,90,0.8188141367080628,0.4697624049424514,0.6076448455566313,0.12433294034879463
101636,31,2305,people,grounded,90,0.803583015873037,0.4339710680560539,0.5865561424288537,0.09209642909852672
101636,41,294,as,grounded,90,0.8572075038639569,0.5188366825383324,0.6687871387978855,0.16595234628576777
101636,58,2305,people,grounded,90,0.9050014793822325,0.5307159536330408,0.7837220757661625,0.16356940017487515
101636,70,1559,car,grounded,90,0.9088716115455793,0.49388407053517747,0.8068549642901567,0.09952997229429167
101636,82,1559,car,grounded,90,0.8837349341524117,0.49022508857371794,0.720623756703241,0.10667460692657658
101636,84,2305,people,grounded,90,0.9281079262878134,0.5269836302632545,0.8318842979262344,0.16467239283750892
101636,91,7799,cles,grounded,90,0.9139883818081507,0.6013820186411666,0.8038022227014443,0.20684814402791782
101636,99,2841,cle,grounded,90,0.9347690720383404,0.5766737617822822,0.8575528921404657,0.2076909859841533
101636,108,1559,car,grounded,90,0.9360882783026191,0.5359282744730252,0.875372283669699,0.1451203451727924
570107,5,767,man,grounded,90,0.5680220892300517,0.2535804871542445,0.25783596805050607,0.02340145678524364
570107,10,4058,pack,grounded,90,0.6405609677218135,0.321505841942798,0.35841252704975,0.04024690129691947
570107,14,6635,cat,grounded,90,0.6737204925449257,0.35199364266148536,0.37514347805687814,0.05363111483727524
570107,20,6635,cat,grounded,90,0.8129378010035263,0.46987066025070234,0.5829296289405504,0.13206040428174085
570107,28,767,man,grounded,90,0.8245610110728279,0.3922306653016274,0.5698103604814281,0.05898954357294285
570107,32,4058,pack,grounded,90,0.8086749594556205,0.4648447957823678,0.6202022131116449,0.12079023605809876
570107,40,767,man,grounded,90,0.834566278977823,0.4975067902935089,0.6639690443312245,0.13699986664400335
570107,55,3222,ouch,hallucinated,90,0.8346694986870459,0.49452200708511995,0.6461249581049553,0.14146833509704224
570107,66,767,man,grounded,90,0.8999232414073163,0.4693579517638078,0.7647361713955756,0.1068294832474851
570107,69,6635,cat,grounded,90,0.9255315210342526,0.5048591418567098,0.8328719270971822,0.13792163126257323
570107,85,18577,plants,hallucinated,90,0.9103968232733908,0.5566007782997408,0.799203425104769,0.16024940112359248
570107,104,12917,glass,hallucinated,90,0.870652776690376,0.4791306065038752,0.7184952192439662,0.11147397856236857
570107,115,559,ase,hallucinated,90,0.9243293413915088,0.5291073649217956,0.8497133004543965,0.16306086014260376
570107,121,3143,book,hallucinated,90,0.8934302748144088,0.4711080469582438,0.7538796015886314,0.12038389739891217
51157,6,767,man,grounded,90,0.5867736868823259,0.24935451150779187,0.25914565373283793,0.01803231910895546
51157,21,3377,board,grounded,90,0.7961568477447344,0.43052174433059476,0.5627809893311195,0.09918195984147551
51157,47,3377,board,grounded,90,0.8755798127427967,0.5153456090498121,0.7155893423037597,0.1653403794125849
51157,61,767,man,grounded,90,0.9135753081518363,0.5371609927217407,0.8115791194044205,0.1823118606536211
51157,82,2305,people,grounded,90,0.8883358753666316,0.4936846474251661,0.7421344259075908,0.12023661603904452
462756,7,23090,cycle,grounded,90,0.631468663078372,0.2828896632067808,0.3164653512215687,0.038009077220350775
462756,24,23090,cycle,grounded,90,0.8151198023637464,0.4419840844211763,0.6170076226331744,0.10127954740058956
462756,60,2707,uck,grounded,90,0.8739218185201347,0.5302665543946997,0.7445855998679743,0.16485383320493655
462756,63,1559,car,grounded,90,0.9054738334494058,0.5456120172708495,0.7793943991469013,0.1858772655697403
462756,77,2305,people,hallucinated,90,0.8957085278282788,0.5056637838405861,0.7364364582249809,0.14026715247642935
462756,116,2305,people,hallucinated,90,0.9550360082702437,0.5650165047664136,0.9198866553718302,0.22434941517264836
268390,44,3145,ives,hallucinated,90,0.8002895365714554,0.4412076808309203,0.5507866095147292,0.09699725210700913
268390,75,12580,bow,hallucinated,90,0.704536146946487,0.2804637489849414,0.33330892542625534,0.02817664658977082
268390,83,12580,bow,hallucinated,90,0.806541065149259,0.29753669028274476,0.511228464706676,0.03032663940699961
268390,104,12580,bow,hallucinated,90,0.881881244952057,0.40318100725879674,0.7061087919570648,0.06699167227326924
268390,118,18002,cup,grounded,90,0.8381639243032069,0.4882277310148455,0.6324729750716475,0.13344944399662179
10928,10,3578,light,grounded,90,0.7002409274730325,0.36009096642438604,0.41758621390322437,0.05057914712938839
10928,25,3578,light,grounded,90,0.8504427523762114,0.4792775815824432,0.6652846789566849,0.1333794686708702
10928,30,18563,drivers,hallucinated,90,0.8169470014849147,0.3695682087248397,0.5312181092482602,0.05859585682411188
10928,39,3578,light,grounded,90,0.8668576881882285,0.472731513778224,0.6784397707256514,0.12052650089571079
10928,89,3578,light,grounded,90,0.916644334455398,0.5649296957570187,0.8147124622166192,0.17539340454352975
38155,9,2305,people,grounded,90,0.5911239302377833,0.2675971965050642,0.25723020839694805,0.03227082879160256
38155,17,29872,e,grounded,90,0.7461464714116648,0.39764362328877917,0.47645236539368846,0.08876916685057067
38155,29,2305,people,grounded,90,0.8548526309364715,0.4394549726924124,0.6376928968617526,0.10442295586067607
38155,61,2022,person,grounded,90,0.8526493394165924,0.4743004163585173,0.667971034613864,0.10414587973489801
38155,73,29872,e,grounded,90,0.890246470987867,0.5164264136566494,0.7478259429160696,0.1281294354197477
38155,100,10769,players,grounded,90,0.9185964823986867,0.5137184755352266,0.8416371299488699,0.16046286259544182
414289,5,6114,woman,grounded,90,0.6218954193236937,0.26988175507915985,0.3066909867298134,0.022482229665534384
414289,13,9008,phone,grounded,90,0.7530666541845464,0.376513672780333,0.5364167371060686,0.0549989054064822
414289,19,18002,cup,grounded,90,0.6982527349965812,0.33243995425636574,0.44763530868037005,0.05546719176857353
414289,30,6114,woman,grounded,90,0.8365183238698151,0.43730484259538605,0.6902070576446546,0.09333743538803252
414289,55,2022,person,grounded,90,0.824002270467214,0.44661653272556096,0.6264282364955283,0.09243153580133032
256973,8,1591,table,grounded,90,0.661048844620501,0.3306144982878459,0.35055248364513275,0.049189165913670584
256973,20,18002,cup,grounded,90,0.6359330158876462,0.35846312457731394,0.36089133261774625,0.06684388242288529
256973,24,1591,table,grounded,90,0.8127872242140864,0.47046219048818233,0.6063014748621088,0.10485597464204668
256973,29,3143,book,grounded,90,0.7216643189746017,0.42926497158397675,0.4522842606618752,0.10088623034635474
256973,36,18002,cup,grounded,90,0.8014662905593912,0.48224544298072936,0.5532546839403708,0.14745827135837597
256973,46,1591,table,grounded,90,0.8666720760609498,0.4268899292453559,0.6829922959180179,0.07213037308837197
256973,50,3143,book,grounded,90,0.8819939909938894,0.5562370692999774,0.7224060938411621,0.1804041953377613
256973,79,8277,books,grounded,90,0.8166835515937934,0.49828759825078744,0.603188710098402,0.1312780375616806
256973,83,1591,table,grounded,90,0.8902673786907663,0.48321302807178296,0.7414405307930527,0.12118179746666587
256973,100,6150,oon,hallucinated,90,0.8445242525707884,0.4612080029714866,0.6180221427215552,0.0944374460339305
256973,107,1591,table,grounded,90,0.9346800907110111,0.5393541409459599,0.8575122194816985,0.1376563948452048
256973,117,18002,cup,grounded,90,0.9145133135903496,0.5574440725214415,0.8043941244735471,0.17878454770313001
473994,6,11203,dog,grounded,90,0.6108471310009231,0.2840621485626853,0.28430403367871415,0.03159596816370768
473994,13,29872,e,grounded,90,0.7632994516438938,0.40808556006010116,0.5156444526421835,0.09411022082562631
473994,21,11203,dog,grounded,90,0.8501246743535243,0.45433708786621735,0.6390825813137474,0.09316508412755535
473994,28,29872,e,grounded,90,0.8263890222106323,0.4642962665524826,0.6308177259277903,0.09834329170721079
473994,43,2305,people,grounded,90,0.8054897627127194,0.41501851972664433,0.5631750643971001,0.06219526004667834
473994,59,2022,person,grounded,90,0.9275782261680519,0.5831223211756633,0.848793764790605,0.18294304450704102
473994,72,11203,dog,grounded,90,0.9180896145834281,0.4570676371284028,0.8202550655792263,0.0915337775373875
473994,74,2305,people,grounded,90,0.9366316155138826,0.5098522944858441,0.8683929266529273,0.14782225028850313
473994,80,7121,airs,hallucinated,90,0.8666805011630877,0.49100469713251893,0.7292057784601779,0.13085966837927504
473994,101,7121,airs,hallucinated,90,0.9413607566613202,0.5923350036433488,0.8832902019874638,0.22610737162092243
473994,113,2305,people,grounded,90,0.9594292570108731,0.5419392015806194,0.9523631465461538,0.17468369681302215
473994,125,11203,dog,grounded,90,0.9471478519410351,0.5176145722384772,0.9138654104375138,0.1470323172402586
14321,11,7799,cles,grounded,90,0.6994808302000666,0.36336019269038144,0.39514446071214704,0.053857153055213144
14321,27,7799,cles,grounded,90,0.8493629517132671,0.5024857088763067,0.6733233217555366,0.1584762084547755
14321,54,2305,people,grounded,90,0.8174951209055676,0.4478251631212295,0.5809261674230473,0.09540965317320267
14321,63,7799,cles,grounded,90,0.8886040316935471,0.488069159943186,0.7390914259784905,0.13341052849323873
14321,80,7799,cles,grounded,90,0.9232322200920206,0.5095800793351191,0.8401034854735667,0.1627744265710403
14321,102,2305,people,grounded,90,0.907593535076429,0.5381284167614618,0.7966984649458859,0.18802471100421986
14321,110,7799,cles,grounded,90,0.9078489116937428,0.5600136522825085,0.8075101970562942,0.18313835017195287
542487,5,6635,cat,grounded,90,0.5891555742854809,0.2802175435993356,0.24782874922696851,0.03373236982481093
542487,10,559,ase,grounded,90,0.6468182501030613,0.3018278126127681,0.3784077991589785,0.04547968139092999
542487,18,6635,cat,grounded,90,0.8519440904510871,0.47598928226012804,0.663171817055646,0.11495358882066127
542487,29,559,ase,grounded,90,0.8853572024097868,0.5197377680318851,0.7250603363986676,0.13921523335269395
542487,34,559,ase,grounded,90,0.8848637562333298,0.5512635409214788,0.7367108796356403,0.17596202519087528
542487,49,559,ase,grounded,90,0.902705400753471,0.5767174027298179,0.7846273921324821,0.20965177120989903
542487,68,6635,cat,grounded,90,0.8854583764208608,0.5220188909391266,0.7483844747575054,0.18030034616568028
96762,15,2305,people,grounded,90,0.6916090681242745,0.3242668703757602,0.3770231907335037,0.03568846641212598
96762,23,6114,woman,grounded,90,0.682030083343027,0.34819980537278383,0.40993709956318625,0.03850484227610903
96762,36,13520,lla,grounded,90,0.8241031952075175,0.4854762461724131,0.6290277403548921,0.15210590376253547
96762,61,23156,bag,grounded,90,0.8590925378388891,0.46400964141174655,0.6744730731593329,0.13064950562625102
96762,70,2305,people,grounded,90,0.9085204126272143,0.5106224168735747,0.7804260752157037,0.14223086209876873
96762,83,294,as,grounded,90,0.9382942801866544,0.5911757627707064,0.87837357445775,0.21901453035531498
96762,93,18647,cars,grounded,90,0.8155614811248302,0.43237529267505526,0.6129411202697768,0.0896181505046975
96762,106,3578,light,grounded,90,0.8457970796637577,0.4578768000703738,0.6794027016847046,0.10406557709023721
435922,5,6635,cat,grounded,90,0.5831839242158874,0.2681385885547481,0.24374260771163278,0.03006126792109572
435922,11,29895,k,grounded,90,0.7319290615223406,0.3971242296222228,0.44897477341283965,0.08029973945369724
435922,23,6635,cat,grounded,90,0.8199610126858652,0.4700989457891695,0.5935535933306266,0.11195620413771629
435922,33,29895,k,grounded,90,0.8482832151896543,0.46029759931670117,0.6442400737908218,0.09663453682091067
435922,43,8277,books,grounded,90,0.8069433565897108,0.44076169377641117,0.5824677129338354,0.10108476934552448
435922,47,29895,k,grounded,90,0.9058549691479831,0.5101641131357004,0.785374447859707,0.12446752189486905
435922,64,7592,remote,grounded,90,0.7575834807769695,0.36751296330372424,0.4958074999731078,0.06027520624088855
435922,76,29895,k,grounded,90,0.9067751976497879,0.5105002585710896,0.7886464712948085,0.12463324190771023
435922,81,9008,phone,hallucinated,90,0.8689105159761262,0.5199734635811154,0.7238049756428824,0.14614244702276669
435922,95,1559,car,hallucinated,90,0.7316318195413738,0.3305786173163104,0.4537514450510752,0.03652726394662405
405534,6,12544,boys,grounded,90,0.5919445763833238,0.28161265362359894,0.27643187072085723,0.03026670372048377
405534,17,3522,cket,grounded,90,0.8012151895782581,0.42700542022449944,0.5575677357041253,0.08657181137063204
405534,38,12544,boys,grounded,90,0.8639343058909926,0.5071376086444773,0.6888993386131943,0.14395948482840598
405534,49,8023,boy,grounded,90,0.8689627695672126,0.5238392191610283,0.6853504852582961,0.1532061141289993
405534,74,2305,people,grounded,90,0.8387323995922268,0.462401853627454,0.6254327603169118,0.09999139234205763
405534,85,10769,players,grounded,90,0.9275237167018779,0.48849294754857164,0.8395315697629644,0.11006989698722526
405534,88,1559,car,hallucinated,90,0.8061947319219243,0.4253746628428837,0.5988876827997215,0.09017640918605309
405534,101,23156,bag,hallucinated,90,0.8803628760217103,0.4852533896383322,0.7169800211634793,0.12550044292173254
540502,31,1061,ator,grounded,90,0.7861859185546751,0.45213445185713697,0.6028454204536193,0.10141123634947934
540502,38,28169,sink,grounded,90,0.8383016271347906,0.4535626191275962,0.6302713387362768,0.08635527696995962
540502,46,854,ven,grounded,90,0.8718550875786818,0.5035564941090145,0.6900955318690098,0.12012862851731333
540502,57,1591,table,grounded,90,0.8269101652458536,0.4826643386907472,0.6075722035724873,0.09949052970637938
540502,65,7121,airs,grounded,90,0.8909801805380877,0.512442493504094,0.7591718358420251,0.1396324235795823
540502,84,12580,bow,hallucinated,90,0.7057244750872845,0.28184868009276803,0.38450762926347065,0.02871572478757149
540502,88,18002,cup,hallucinated,90,0.8531218829479439,0.43441802672441726,0.6607448356225484,0.09162490471085852
540502,92,6150,oon,grounded,90,0.8740600326150406,0.3968414236569956,0.651822739979844,0.07773503747779689
540502,97,280,le,hallucinated,90,0.9369082376463104,0.5818357048976701,0.8553404158256516,0.20299273528638334
540502,104,8277,books,hallucinated,90,0.8577800875364149,0.472243152877114,0.6624705151407894,0.09640584092944102
540502,120,559,ase,grounded,90,0.8263536185300618,0.4527269364322889,0.6537503768757696,0.09155335870205687
38438,8,6635,cat,grounded,90,0.6255233694873835,0.29760395697107633,0.28219549445718156,0.03520170852620937
38438,23,6635,cat,grounded,90,0.8404689675566916,0.4775165678711605,0.6211767181477131,0.11627163167748904
38438,61,6635,cat,grounded,90,0.887284358402591,0.4971261681062389,0.7269268824900502,0.12096259970384558
115749,10,1934,ants,grounded,90,0.6850881159406501,0.337403744093152,0.36220239356032935,0.038970771241045324
115749,15,16157,adult,hallucinated,90,0.7385879291411321,0.38354002861354525,0.44777552246237506,0.04906363841834211
115749,22,24354,baby,hallucinated,90,0.7840355520587163,0.39348483109077387,0.4893757185051004,0.0556556673933321
115749,36,16157,adult,hallucinated,90,0.8369415964610395,0.4579477162850318,0.5967244057016029,0.08246658857085953
115749,54,24354,baby,hallucinated,90,0.8573042799139973,0.47168715867967964,0.646503555165977,0.09641829895197362
115749,67,1934,ants,grounded,90,0.8658737416727265,0.48177683774561886,0.7250067577042321,0.15351914824690813
312103,5,767,man,grounded,90,0.5709988585195117,0.2575289539012069,0.24358198068269812,0.019729982004950592
312103,21,1591,table,hallucinated,90,0.6979081481706262,0.3730465503960149,0.42416784977137395,0.051073255918895555
312103,27,11203,dog,grounded,90,0.7037780271064754,0.3790247295957196,0.42773993576414554,0.051501263785045034
312103,43,1591,table,hallucinated,90,0.8239683163956364,0.44234836215523177,0.5797935656023172,0.09571415973093274
312103,49,7121,airs,hallucinated,90,0.8669173083152443,0.46630728879670513,0.6996173818225085,0.11838392257565875
312103,59,767,man,grounded,90,0.9074908766774398,0.47514211338659135,0.7822571339127137,0.10106445090498947
312103,75,2305,people,grounded,90,0.8553106485844105,0.4821412692296619,0.6558561224392073,0.11571187523131514
312103,80,2022,person,grounded,90,0.8977889909659189,0.5340751786162395,0.7519083841292447,0.16077504222098657
312103,91,2022,person,grounded,90,0.9343421197995685,0.6077496670840256,0.8646897306199843,0.21836654574958939
312103,97,1559,car,grounded,90,0.794595255723737,0.4349014597174677,0.5730428004051783,0.10945822993258161
312103,121,793,les,hallucinated,90,0.9245242842370404,0.5521268594691395,0.8276537970389359,0.1679440004944319
312103,125,1591,table,hallucinated,90,0.9339890307991979,0.5582858229007962,0.868036300020108,0.1849892893008452
506614,10,6592,bed,grounded,90,0.6447727276428399,0.3136770563219932,0.31188045042544044,0.03452329754935034
506614,18,6592,bed,grounded,90,0.7624924738879292,0.4190210316687952,0.5230147835070045,0.07866350810613625
506614,25,6592,bed,grounded,90,0.7970078863235006,0.4294480821464679,0.5784217858408643,0.11813088352378374
506614,53,6592,bed,grounded,90,0.826134761221224,0.46191404696152705,0.6331697573785051,0.12160657842958342
506614,87,6592,bed,grounded,90,0.8715426643666496,0.44097464692131816,0.6973518757058859,0.08875191604572596
506614,93,11774,chair,grounded,90,0.8187435684045131,0.4518697646850261,0.629243952141813,0.09390828305129495
506614,102,6592,bed,grounded,90,0.9051599513376647,0.4661304617120203,0.7901319071757423,0.08825547769505357
506614,107,3222,ouch,grounded,90,0.9078463198788685,0.5565458044889515,0.7921392788592928,0.1690037190518402
506614,116,29895,k,hallucinated,90,0.8875463438511978,0.5085933207824719,0.7428571429349344,0.1397698690757506
506614,126,19022,laptop,hallucinated,90,0.9013856398380229,0.5028012395107545,0.7743036234725281,0.15467588552310854
340047,5,6114,woman,grounded,90,0.6122528293650433,0.2710990719679046,0.29916650341649037,0.021853569382294005
340047,15,13520,lla,grounded,90,0.7485511704680917,0.41829478925950436,0.5371885648568661,0.10251389496718784
340047,37,13520,lla,grounded,90,0.8770549430930258,0.539506793274538,0.7309096185225412,0.19897536430912857
340047,57,18647,cars,hallucinated,90,0.8274501421082032,0.4092738645723372,0.610055705535395,0.09556140773377118
340047,63,1559,car,hallucinated,90,0.9103152275773533,0.5125304959935956,0.7913048208902493,0.1310459967786965
340047,78,1559,car,hallucinated,90,0.9470579461549918,0.5872380880992225,0.8843189050606466,0.2260484200878157
340047,87,18002,cup,grounded,90,0.8433154050056214,0.43789774839654033,0.6531755351247232,0.10256996372979833
563730,9,6150,oon,grounded,90,0.61261997649163,0.29444319076725467,0.2857589269769738,0.025501234449869598
563730,15,24841,orange,grounded,90,0.6117928471850053,0.2986894409253362,0.29933481199039436,0.042996776339961115
563730,18,1591,table,grounded,90,0.703875583967102,0.3541752996048024,0.4186992708761437,0.0434460241353525
563730,22,6150,oon,grounded,90,0.8036300972431778,0.4894826303976786,0.554140194717907,0.156000365262227
563730,32,24841,orange,grounded,90,0.8297393487703265,0.4868039082826495,0.5806127009676133,0.10819404474918468
563730,45,24841,orange,grounded,90,0.8257550385602256,0.4950103992932803,0.5932998921599667,0.15443858247749656
563730,58,6150,oon,grounded,90,0.8935474950210754,0.574204240390384,0.7429886572539365,0.21434564642072373
563730,70,1591,table,grounded,90,0.8256619986442725,0.47188820336798015,0.6082627992894755,0.09822588406173008
563730,77,1591,table,grounded,90,0.852000526822458,0.47604154957770534,0.649566172004427,0.11469746520719004
439854,14,3377,board,grounded,90,0.6568255069863278,0.3181954325185595,0.33068254847959255,0.03687962448197215
439854,28,2305,people,grounded,90,0.8154945886097847,0.44938500882978466,0.5770912434720474,0.08157061031618495
439854,37,2305,people,grounded,90,0.8753969495758478,0.4934885073328871,0.6933012214442995,0.13515807796166923
439854,49,3377,board,grounded,90,0.8357224782502829,0.3855265843247022,0.5931037189304758,0.04703071410732486
439854,64,2841,cle,grounded,90,0.8270027538329223,0.4693230922652669,0.6287399139936206,0.10893651741827934
439854,79,305,ch,hallucinated,90,0.8897970600981676,0.5545607503255794,0.7762934544880559,0.17426172913063973
439854,93,3377,board,grounded,90,0.8707316116511634,0.4789804733354772,0.721397612048204,0.10294073207212541
532963,7,1591,table,grounded,90,0.6388879908691675,0.30306327235068115,0.3015466419879108,0.03344609866037522
532963,36,16416,wich,grounded,90,0.674837576580351,0.3066014141389598,0.3773001449315272,0.04689140348141393
532963,44,12580,bow,hallucinated,90,0.7244379341852226,0.3325596528800853,0.4384568023577425,0.04314359663843582
532963,52,12917,glass,grounded,90,0.7816763974219376,0.4472598199324646,0.528935569055842,0.09089263053755864
532963,57,1591,table,grounded,90,0.8892504353915528,0.488100087129372,0.7418210484146301,0.09747062738430097
532963,63,280,le,hallucinated,90,0.9073069326242771,0.5801177410455493,0.7657901478718714,0.18188581745786775
532963,91,7121,airs,grounded,90,0.8746802618404684,0.4939206156520262,0.696728539055973,0.12741458672523767
532963,94,1591,table,grounded,90,0.8829168135514589,0.47287581202531015,0.7108863484528217,0.11277906889363921
27935,12,2129,ases,grounded,90,0.7096443954580606,0.3557739248049138,0.4309664331344227,0.056184464764826164
27935,23,2129,ases,grounded,90,0.8310630695750755,0.48924533378672164,0.6135009643313147,0.1271990566601801
27935,39,2129,ases,grounded,90,0.8831356746597387,0.529617108668375,0.7442662429693169,0.1821777680113051
27935,62,2129,ases,grounded,90,0.9060621751976907,0.5779690006573244,0.8028309429550248,0.191801433624666
27935,73,24841,orange,hallucinated,90,0.7821823765343593,0.3682592894723697,0.5225542227966464,0.06751684477896715
27935,106,2129,ases,grounded,90,0.9409084042097455,0.6261177815810354,0.8843856033099633,0.2667867584426821
331223,8,21867,rant,grounded,90,0.6561314268102542,0.33658634448548946,0.37617574923139907,0.050937078872540585
331223,19,21867,rant,grounded,90,0.8039121840811299,0.4679952525822247,0.6079651547313522,0.1228484937493984
331223,52,21867,rant,grounded,90,0.8647104580121745,0.5114863819755002,0.7221875533205881,0.1609306652590689
331223,74,2707,uck,hallucinated,90,0.8153779410807707,0.4747160493193995,0.5954726537518443,0.11746387760908407
331223,105,21867,rant,grounded,90,0.9518988970820489,0.6193321069934967,0.9358123349639585,0.26255870027022965
208808,7,767,man,grounded,90,0.5936750023659547,0.26905441374994116,0.27107684470602367,0.023097441619736595
208808,17,3377,board,grounded,90,0.746497566750741,0.41550814949104914,0.47866180543350195,0.09049115377706583
208808,60,18647,cars,hallucinated,90,0.8710749310711345,0.4741632232727059,0.6569192153701604,0.12502776688512712
208808,72,18647,cars,hallucinated,90,0.9204044794408093,0.5647760190561855,0.8054456306946532,0.2252413263845795
208808,93,3377,board,grounded,90,0.8994248540586078,0.5122151706013796,0.7610048989380724,0.1278666544907459
518163,24,767,man,grounded,90,0.7147100714899622,0.3760229881810036,0.4024227639649511,0.04548203911535372
518163,27,6114,woman,grounded,90,0.7503655986076334,0.3832546616107536,0.47511053438673806,0.064785647482418
518163,31,4344,children,grounded,90,0.8275240836152635,0.46018383040695215,0.592278095010559,0.10866367669363287
518163,56,482,age,grounded,90,0.807634248591396,0.4541082379049359,0.5729157051857667,0.11456865587999779
518163,66,4058,pack,grounded,90,0.8288364978816916,0.4768575903250583,0.6305905333337284,0.12302029408482001
518163,70,23156,bag,grounded,90,0.8453205393401657,0.45198686750597505,0.64387031843197,0.11537372445019764
518163,75,4878,case,grounded,90,0.8949031833670514,0.5433130341429582,0.7467788588383317,0.20665468265353093
518163,79,4058,pack,grounded,90,0.877514259352878,0.4949718456995053,0.700828939989626,0.13306897162437106
518163,87,6114,woman,grounded,90,0.8771389887076618,0.49451737206740487,0.7213240573959314,0.1115024079912553
518163,92,23156,bag,grounded,90,0.9365135580617764,0.5949196658479524,0.8669254811620563,0.20297125450950435
518163,98,4344,children,grounded,90,0.9288911827978418,0.552819745257021,0.8557230691763528,0.16364959303259471
518163,102,4878,case,grounded,90,0.9257699477069499,0.5723866750983853,0.84010880233903,0.2217888558664185
465552,7,1591,table,grounded,90,0.6884891882472655,0.31362778979740746,0.37337164864142675,0.036589560626800105
465552,35,5079,oli,grounded,90,0.7648026442586353,0.4083405070402996,0.5506143051400116,0.09345831046780352
465552,56,5079,oli,grounded,90,0.8819536793790819,0.5551451996595638,0.764668984105667,0.17363256769142146
465552,78,27350,fork,grounded,90,0.7888732575735923,0.41433056095386933,0.5835466836439321,0.07708998288136745
465552,108,1591,table,grounded,90,0.9306552442725037,0.5411236654760608,0.8777185981722917,0.14623064344623987
292188,5,767,man,grounded,90,0.5671957513475683,0.2601415205682024,0.2448732403957041,0.024489631572593366
292188,23,11203,dog,grounded,90,0.6938652976592038,0.35175094939135143,0.38680067570962706,0.0418084121965953
292188,30,767,man,grounded,90,0.8324551906431696,0.4629959365218454,0.641388469236712,0.11694684275471996
292188,48,11203,dog,grounded,90,0.8715529968600476,0.5252833748906971,0.6904874512076198,0.15692689357429965
292188,65,767,man,grounded,90,0.9048077689977306,0.5146565406079249,0.7846654348587064,0.13346970674836053
292188,89,767,man,grounded,90,0.9071612964367528,0.5548810990129015,0.8148539998740252,0.18633497379230177
292188,108,767,man,grounded,90,0.9065340760636722,0.4782283954507504,0.7957277252884397,0.10415675231282337
292188,111,11203,dog,grounded,90,0.9403010688064776,0.5918651952992582,0.8826563634066038,0.22739131742753302
113678,5,11203,dog,grounded,90,0.55527196102251,0.26083350987836645,0.2336457501345899,0.024799519249757204
113678,12,2022,person,grounded,90,0.6694840507097612,0.3492957080031963,0.40038423111246263,0.04734583865304495
113678,18,11203,dog,grounded,90,0.8445231001569392,0.5038855223580743,0.6335579914914158,0.14177474805545978
113678,32,2022,person,grounded,90,0.8833323008707705,0.5116045154612583,0.7326175789954747,0.11491157642716124
113678,40,11203,dog,grounded,90,0.859968933265542,0.5181248997925548,0.6802544008990792,0.1569708622293906
113678,46,20860,agle,grounded,90,0.7696220640404595,0.38154301229696025,0.5079150640458943,0.05583536637811817
113678,50,2022,person,grounded,90,0.866604350307904,0.5118668300725859,0.6824253642722332,0.13881673294102947
113678,68,11203,dog,grounded,90,0.8621470887474781,0.5107125014858837,0.6712295967056747,0.1279814944214521
113678,98,26361,dogs,grounded,90,0.9236162743754727,0.5264623929404382,0.8346100427836335,0.11023047933069295
113678,101,2022,person,grounded,90,0.9407574306226835,0.5826234461233214,0.8790635824690657,0.19687283763788777
557595,5,767,man,grounded,90,0.5790558651953516,0.25962211627205645,0.27068013727084944,0.02162764261791456
557595,15,3377,board,grounded,90,0.7716490703061052,0.4010802524977068,0.5249440653485025,0.0779869187951097
557595,32,3377,board,grounded,90,0.8068920208568656,0.45884558484462185,0.6070119752774856,0.11211621276780641
557595,42,2022,person,grounded,90,0.794034813006744,0.39986342586909934,0.5924492959198968,0.07090939928134515
557595,53,23156,bag,grounded,90,0.8470393670961875,0.47190449674714363,0.6617496408320851,0.13052048835234617
557595,84,767,man,grounded,90,0.9002475922566094,0.5122530521133095,0.7977642294923143,0.14971159907050866
557595,89,3377,board,grounded,90,0.9380296078157774,0.6063858545522792,0.8909735872596006,0.24077175402675163
418854,18,29873,t,grounded,90,0.7460193367217868,0.4124937880338203,0.5103777834712766,0.08187755136898286
418854,21,28169,sink,grounded,90,0.788292560078096,0.44812875056562435,0.580268263203025,0.0972786226140164
418854,26,29873,t,grounded,90,0.8426496472450623,0.4757777641295359,0.650240654616234,0.13621879359529013
418854,40,28169,sink,grounded,90,0.8482111103703861,0.4842229222791088,0.6709405510805729,0.10999593205406383
418854,76,793,les,grounded,90,0.8866043082509409,0.4917192713625207,0.7308990603035624,0.13238487544225883
418854,86,28169,sink,grounded,90,0.8970304405435767,0.48446734090313937,0.7882823214488932,0.1132052922626523
418854,94,29873,t,grounded,90,0.949926599223273,0.5375291379131136,0.9083191779021236,0.15202498601174758
418854,101,18002,cup,hallucinated,90,0.8905798082870516,0.5058246921123479,0.7383130672368399,0.16305114781491575
418854,109,28169,sink,grounded,90,0.8914652968267612,0.4987659164423542,0.7773315418584299,0.12418674617341485
536158,5,767,man,grounded,90,0.5877114622267612,0.24884427801413012,0.2666836052405092,0.01659569067482881
536158,46,767,man,grounded,90,0.8738146906239824,0.460433488228345,0.7120476206817238,0.11270747249449985
550643,22,5079,oli,grounded,90,0.7264427794412467,0.3725907755644002,0.4647488729960213,0.06942107852264018
550643,37,994,ove,grounded,90,0.8062493154916471,0.38158341677963203,0.5484521182413581,0.05590691882176861
550643,52,5079,oli,grounded,90,0.8489978933278581,0.5345434129407534,0.6601951211594983,0.17191806913411584
542782,7,2305,people,grounded,90,0.5860914675925664,0.2621258722209889,0.26174530081979697,0.026941867612117976
542782,22,2305,people,grounded,90,0.8072319271868595,0.44064234435711014,0.5587691884833106,0.11103860570843435
542782,30,2022,person,grounded,90,0.7962081599693759,0.4297305105523016,0.5570194918712813,0.08583687535990155
542782,41,2022,person,grounded,90,0.8847619579400698,0.5314168940323343,0.7315365099674191,0.14865303644662653
542782,49,2305,people,grounded,90,0.8998245411684279,0.5308637906376857,0.7706322339646356,0.13968018371612723
542782,66,24691,boards,grounded,90,0.7722523439127795,0.4021133103402704,0.5167063866877568,0.0656859789401956
542782,90,28134,passengers,grounded,90,0.8896057503685852,0.5136130595942079,0.7459390148901649,0.14024174850922275
542782,99,2022,person,grounded,90,0.8433333347116101,0.49675894515554586,0.6780057584972539,0.14284098331110523
542782,103,9008,phone,grounded,90,0.882719053027881,0.5259857145888966,0.7449995510968648,0.1596534673509422
542782,106,2022,person,grounded,90,0.8749923007319533,0.5499147262039962,0.7264944929875076,0.1632902848439666
542782,109,3143,book,hallucinated,90,0.8692097959874164,0.46594719141124114,0.6779845617445227,0.1122045741696794
542782,123,414,ers,grounded,90,0.9238787251093282,0.5626357849312195,0.8412971325442538,0.1720423754430282
435937,5,767,man,grounded,90,0.5610953209358341,0.25312925716859447,0.24484351952455724,0.024465135902666597
435937,11,2841,cle,grounded,90,0.6870725526824505,0.37319852619620264,0.448468475872649,0.0830327289257716
435937,20,305,ch,grounded,90,0.7473924797904039,0.4279770059460548,0.5130558172349554,0.09979483602599172
435937,27,767,man,grounded,90,0.8305967416229455,0.45749653436655235,0.6153057108667569,0.10982523157896287
435937,45,305,ch,grounded,90,0.8830581285367856,0.5778209518097636,0.7597336832846501,0.21186311394198565
435937,59,305,ch,grounded,90,0.8984387026333848,0.5701320752794896,0.7694327246190953,0.16763965584660273
435937,75,7121,airs,grounded,90,0.8412958598535971,0.488559155648774,0.6791626114865221,0.10980084488986272
435937,93,7121,airs,grounded,90,0.9011658581150219,0.5768074912335988,0.7938997892730382,0.21343613405571263
435937,103,2305,people,grounded,90,0.91119290553182,0.4163140296296609,0.7877318544076531,0.0854084452758093
435937,124,2305,people,grounded,90,0.9072790077215831,0.4687438614635655,0.7910970655877547,0.10229942638868426
418219,7,767,man,grounded,90,0.587299857991189,0.26501671881377253,0.26553928833277596,0.025236677839335538
418219,10,6114,woman,grounded,90,0.7001449256985303,0.34287917700242243,0.3979922924648219,0.047303448203198525
418219,61,18647,cars,grounded,90,0.837132655763684,0.4302664765744215,0.6509227218485873,0.09011025566606404
418219,71,305,ch,grounded,90,0.8960639412808938,0.5593688727486662,0.7915556135682815,0.17302251583084205
418219,91,18647,cars,grounded,90,0.9365741502188311,0.5336973473047104,0.8802509323634585,0.1494506369483337
352234,12,24990,izza,grounded,90,0.6754932667052646,0.33147292975428466,0.3630620914537021,0.052249606278865095
352234,20,27350,fork,grounded,90,0.6925646377371436,0.3290418432573743,0.39490480856544363,0.048126704948268983
352234,29,24990,izza,grounded,90,0.8080075811124898,0.4647726022860284,0.5852620246064348,0.14004106744715766
352234,49,1591,table,hallucinated,90,0.8138746336822837,0.428371214450556,0.5894898495559492,0.09206749473854914
352234,53,27350,fork,grounded,90,0.8656681233070962,0.5076694933058878,0.6698284815209875,0.1384502664511928
352234,63,24990,izza,grounded,90,0.8870925939459978,0.46742042953386065,0.7341634781046088,0.1142809193267358
352234,72,24990,izza,grounded,90,0.8638375514526928,0.5186225693032251,0.6961670208478092,0.17859221877012946
352234,82,24990,izza,grounded,90,0.8546148836608934,0.4739553386276556,0.6578793329871443,0.10938304289030698
298137,7,22116,plane,grounded,90,0.5955686537150611,0.29286622073079244,0.2874597331947412,0.04319831662034808
298137,20,22116,plane,grounded,90,0.8165798418701349,0.4624615065985128,0.6086387436353955,0.11612212966778251
298137,53,22116,plane,grounded,90,0.9145561558050381,0.5395647885642867,0.8067207703992126,0.15810514626719901
500703,8,1014,sub,hallucinated,90,0.542324958177805,0.17527725497097546,0.2062653909153513,0.01025089409026509
500703,13,7945,train,grounded,90,0.7060806309505663,0.34850645794559304,0.3912145493732417,0.046401045662673016
500703,23,2305,people,grounded,90,0.82058508845725,0.4255893296973912,0.5913926026109572,0.07093035182252151
500703,35,2305,people,grounded,90,0.8849743881671859,0.49117526469481676,0.7119598003236671,0.12715198234721714
500703,46,7945,train,grounded,90,0.8880981374004501,0.44204058682673636,0.7398091002139359,0.05997003538937575
500703,63,810,ags,grounded,90,0.9103977630611108,0.46363689902205313,0.7893451697942306,0.12451750081332624
500703,69,810,ags,grounded,90,0.9504107383603292,0.5814241842749267,0.8983468978126652,0.22094521624123253
500703,77,23156,bag,grounded,90,0.931651508853914,0.5464088806171696,0.851164289098584,0.20812827668720615
500703,106,2305,people,grounded,90,0.927495227497491,0.51189844070643,0.8577225630667898,0.1631514501131454
500703,109,16500,patient,grounded,90,0.8748627417351919,0.29265233743394414,0.6802065511851129,0.033989096299678306
500703,113,7945,train,grounded,90,0.9046003954813437,0.4221905934495138,0.7920034707618171,0.07225364378148602
494182,5,10435,horse,grounded,90,0.571116212417232,0.23083722929469566,0.24000350272654675,0.017538309101520676
494182,18,10435,horse,grounded,90,0.8192727580471773,0.44022489408008575,0.609575208261243,0.09195960524775872
494182,55,10435,horse,grounded,90,0.8724291840916724,0.4295316069067545,0.685075372785277,0.06335155680521999
494182,63,10435,horse,grounded,90,0.8693469750917863,0.44198794511867046,0.6801327910508045,0.08304632163998736
494182,68,29735,sheep,hallucinated,90,0.8527580274672494,0.4706065668155591,0.6512450541819547,0.08684253348055285
494182,91,29735,sheep,hallucinated,90,0.9482025789178276,0.5906704743803546,0.8933545364370046,0.24778887986040804
278032,8,7945,train,grounded,90,0.6107356794948152,0.27697752122351593,0.28598101176016133,0.02858015754657689
278032,13,7945,train,grounded,90,0.6171332699180984,0.2383666566364777,0.283268064213547,0.01574468777948927
278032,17,7945,train,grounded,90,0.8033354784618816,0.43157214699968377,0.5675555776437541,0.08682699269647087
278032,35,7945,train,grounded,90,0.8264759889285141,0.45845335985526364,0.6307479457733278,0.11674858195041565
278032,42,28134,passengers,hallucinated,90,0.847238322420243,0.3965412134304524,0.5919144057302592,0.07436277057481057
278032,50,7945,train,grounded,90,0.8942759039645297,0.4719075443352108,0.7638354952934009,0.10833264425926063
278032,57,2305,people,hallucinated,90,0.8848327798948414,0.4837633185516949,0.6980938396269258,0.1107475980726426
278032,69,7945,train,grounded,90,0.9020348665552802,0.4550154001425979,0.7736654015262832,0.07907742660492462
278032,81,305,ch,hallucinated,90,0.9318111002400846,0.5289333014871522,0.8515305212184741,0.15846699670978348
278032,93,28134,passengers,hallucinated,90,0.9432488271794641,0.4426240365902693,0.9031926321703021,0.09035615342580508
278032,100,7945,train,grounded,90,0.9047134350894331,0.3721450557050773,0.7812845160374149,0.06189548196208528
189203,10,22116,plane,grounded,90,0.6336876992254864,0.30837572586115897,0.32608629873749123,0.036210599995901524
189203,18,22116,plane,grounded,90,0.7951102989066902,0.43962424858375565,0.5496167653558058,0.09916882321281383
189203,27,10694,plane,grounded,90,0.7825970299652567,0.4548971931207637,0.515024489687966,0.08100060086111277
189203,41,10694,plane,grounded,90,0.8279388635792919,0.4434933577506166,0.594327298298757,0.10293042596524479
189203,68,22116,plane,grounded,90,0.8521911088120081,0.4817634963842555,0.6719196437738475,0.11535302195585935
189203,94,22116,plane,grounded,90,0.8843708287506162,0.5001116347962771,0.7256158303592424,0.12178859061380744
338041,18,767,man,grounded,90,0.7262217319160469,0.3582029118850159,0.45188914169843386,0.037065602720706754
338041,27,3377,board,grounded,90,0.7539316005327447,0.42862345555229675,0.518808336648805,0.09156117407835605
338041,60,2305,people,grounded,90,0.8766090768947737,0.4540303049700925,0.7014934381527401,0.10112082387164499
338041,69,3377,board,grounded,90,0.8988005300989935,0.40646991966666024,0.7580796467729347,0.06604508444113023
338041,98,305,ch,grounded,90,0.9007958046208491,0.516921813093884,0.7851959809676218,0.14358613404207793
338041,127,3377,board,grounded,90,0.9296690892727448,0.4724958919750721,0.8645367094311049,0.11902630536755421
426852,24,18577,plants,hallucinated,90,0.8389078362115653,0.5116971508976432,0.6285402968307575,0.14066964516094105
426852,47,2129,ases,grounded,90,0.8276217239802514,0.4725966519529753,0.600999646476699,0.08723808049571681
426852,76,6609,ches,hallucinated,90,0.9079108719152581,0.5788449532562459,0.7878086328461592,0.19388362718135363
426852,95,11774,chair,hallucinated,90,0.8895044347726991,0.4956537715972698,0.7320855274298818,0.12390302107974184
246248,13,1804,sign,grounded,90,0.6895067785152122,0.35865193012064717,0.4191991834530121,0.059103163658463694
246248,37,18647,cars,grounded,90,0.8128647599225612,0.4161440622373134,0.5530409871484068,0.08106623690509217
246248,40,2707,uck,grounded,90,0.8378262427313512,0.36596243667790346,0.5962547198271433,0.05897260906923389
246248,55,1804,sign,grounded,90,0.8279903795279142,0.4763763061685459,0.6517164735640829,0.11762201020336376
246248,61,26068,lights,grounded,90,0.863549980583361,0.5189761860621456,0.69544340116244,0.14908022461547943
246248,92,21867,rant,hallucinated,90,0.8985919171854465,0.47969236057447423,0.7612033369897525,0.12234716223455155
246248,114,2305,people,hallucinated,90,0.9256261654656451,0.5167158437847642,0.836939602954352,0.13601575277709957
475484,12,11134,meter,grounded,90,0.6968379454567113,0.3721563891084502,0.42290149465951543,0.06224850674403179
475484,23,11134,meter,grounded,90,0.7914759260587392,0.46814349651871556,0.5874358180916298,0.12849666380303995
475484,44,18647,cars,grounded,90,0.8282093423014157,0.43615670610393886,0.5952388102394698,0.09277107931605962
475484,53,1559,car,grounded,90,0.8523864186934107,0.4921151153077171,0.6681992095428966,0.1203352736814981
475484,61,11134,meter,grounded,90,0.8920620493508948,0.5125501948097739,0.7683470326784724,0.1312759648484474
475484,73,18647,cars,grounded,90,0.9197675435232722,0.5185707192494764,0.8217446479594528,0.1526561905629735
475484,78,2305,people,grounded,90,0.8773059884108417,0.5051777791243922,0.7048862267768875,0.1350802217853162
475484,91,810,ags,hallucinated,90,0.9232122456673595,0.4925408201232943,0.8212954717836809,0.15023104073449964
475484,95,3578,light,grounded,90,0.8384129129356624,0.4536754215299667,0.6799162885188877,0.10096270723781889
270556,18,18647,cars,grounded,90,0.7152253397085627,0.3399076802622935,0.386208830608473,0.04895827378792561
270556,36,12006,clock,grounded,90,0.6704200982507541,0.2837373571685907,0.3778803911838803,0.03259343512678763
270556,46,12006,clock,grounded,90,0.8259520350756357,0.40875315608923396,0.6164778688315038,0.07619544887461537
270556,73,18647,cars,grounded,90,0.9047079876129935,0.5136919094285142,0.7899544740657818,0.15426959527766462
202622,6,12006,clock,grounded,90,0.5347989346047513,0.23460141461300654,0.22241570352762396,0.01858574491912566
202622,10,12006,clock,grounded,90,0.6959704110420191,0.35627233644031764,0.4186189418823233,0.06130986869892464
202622,18,12006,clock,grounded,90,0.8103454324565729,0.43415997619175134,0.581085630845207,0.10168444085106143
202622,38,12006,clock,grounded,90,0.8279665096729114,0.45704415824985856,0.6160911101947107,0.12030546080898957
202622,63,12006,clock,grounded,90,0.8300745399198817,0.4263639219583016,0.5817949841317894,0.0896192460000555
202622,67,2022,person,hallucinated,90,0.750040284457434,0.38672164420276606,0.48449737209503885,0.0482577016882808
202622,72,568,ite,hallucinated,90,0.8380255141586188,0.45970046143565413,0.6372815867300468,0.10011069172279563
202622,87,568,ite,hallucinated,90,0.9205538134386351,0.5615381448793447,0.8184666189943469,0.23646099822405817
202622,105,12006,clock,grounded,90,0.882802387838482,0.4503174369476073,0.7230435668014963,0.12311937183341219
140231,5,1591,table,grounded,90,0.5903350111224257,0.27027220301082944,0.2636823818470313,0.024534981154583108
140231,20,2873,ones,grounded,90,0.8002154005344306,0.4732588793742354,0.5577493194545468,0.12516702766970778
140231,36,1591,table,grounded,90,0.8125439044922695,0.36733258088049026,0.5404269337039801,0.04375206180378213
140231,39,7592,remote,grounded,90,0.7089657520459893,0.32603608670384193,0.39302421921612063,0.03968967521568746
140231,48,1591,table,grounded,90,0.8851520118116988,0.49984299406088323,0.7176879725330472,0.11523360085477624
140231,52,12247,keyboard,grounded,90,0.7860181382842939,0.4077007810164985,0.5090314667256962,0.060531610283467624
140231,73,8277,books,grounded,90,0.8452918635282343,0.49901671391295116,0.6265089222250748,0.11615526613534873
140231,76,1591,table,grounded,90,0.91728999744228,0.5253704561101846,0.8128065196504513,0.14109508476799584
140231,91,2022,person,hallucinated,90,0.7578246699177041,0.3557181490260197,0.49257508083663853,0.05156345308267179
403619,5,2022,person,grounded,90,0.5869815302744601,0.2485770670950543,0.2583330503834303,0.01711495104709891
403619,8,19022,laptop,grounded,90,0.6694946586293273,0.3094600460770098,0.3470246469654338,0.03935859127460517
403619,14,9008,phone,grounded,90,0.7040379440964886,0.3690955114072919,0.4360912076148829,0.05788517748728844
403619,18,19022,laptop,grounded,90,0.7501686651074498,0.38186022876205805,0.49696697458077355,0.06605905985189528
403619,21,12247,keyboard,grounded,90,0.812794031504931,0.40600806831575226,0.6049954657429525,0.0674852543304927
403619,24,2022,person,grounded,90,0.8394704491250072,0.4594981246849641,0.6750125886532933,0.09363094693767524
403619,33,19022,laptop,grounded,90,0.8329678990414688,0.43034109883858773,0.6244511883266943,0.07921467991995529
403619,36,12247,keyboard,grounded,90,0.8744813106839928,0.4747065495744011,0.7307219295751768,0.10406213956577534
403619,49,9008,phone,grounded,90,0.8798598821846345,0.5275999997028269,0.7459858414380723,0.18047116598240132
403619,58,12247,keyboard,grounded,90,0.9077654956836188,0.48739895114412174,0.813652586641378,0.12284096985105172
403619,71,19022,laptop,grounded,90,0.8692185022527315,0.4994805494483709,0.6884931086526229,0.12633944787362386
403619,82,18002,cup,hallucinated,90,0.791929820205969,0.44387620156541985,0.5919578396497649,0.09155107110334018
403619,96,2022,person,grounded,90,0.9234036908669364,0.49924703383742935,0.8580963576960599,0.13286700038161958
403619,108,19022,laptop,grounded,90,0.940040287924002,0.5142386567514242,0.8964240918762261,0.13663288823255512
403619,111,9008,phone,grounded,90,0.967240769997756,0.5992903204703117,0.9626350065089075,0.23847258169128288
